time,engineEngaged,engineState,engineSpeed,enginePID,engineP,engineI,engineD,primaryState,primaryEnc,primaryLC,primaryPID,secondaryState,secondaryEnc,secondaryLC,secondaryPID
21894135,false,1,1738,0,0,0,0,4,5992,2,0,4,14168,-113,0
21904136,false,1,1742,0,0,0,0,4,5992,2,0,4,14168,-113,0
21914186,false,1,1748,0,0,0,0,4,5992,2,0,4,14168,-113,0
21924134,false,1,1754,0,0,0,0,4,5992,2,0,4,14168,-113,0
21934137,false,1,1760,0,0,0,0,4,5992,2,0,4,14168,-113,0
21944132,false,1,1765,0,0,0,0,4,5992,2,0,4,14168,-113,0
21954133,false,1,1778,0,0,0,0,4,5992,2,0,4,14168,-113,0
21964134,false,1,1784,0,0,0,0,4,5992,2,0,4,14168,-113,0
21974136,false,1,1796,0,0,0,0,4,5992,2,0,4,14168,-113,0
21984136,false,1,1801,0,0,0,0,4,5992,2,0,4,14168,-113,0
21994132,false,1,1819,0,0,0,0,4,5992,2,0,4,14168,-113,0
22004133,false,1,1830,0,0,0,0,4,5992,2,0,4,14168,-113,0
22014137,false,1,1835,0,0,0,0,4,5992,2,0,4,14168,-113,0
22024132,false,1,1832,0,0,0,0,4,5992,2,0,4,14168,-113,0
22034133,false,1,1827,0,0,0,0,4,5992,2,0,4,14168,-113,0
22044135,false,1,1810,0,0,0,0,4,5992,2,0,4,14168,-113,0
22054136,false,1,1806,0,0,0,0,4,5992,2,0,4,14168,-113,0
22064137,false,1,1798,0,0,0,0,4,5992,2,0,4,14168,-113,0
22074137,false,1,1792,0,0,0,0,4,5992,2,0,4,14168,-113,0
22084132,false,1,1787,0,0,0,0,4,5992,2,0,4,14168,-113,0
22094134,false,1,1776,0,0,0,0,4,5992,2,0,4,14168,-113,0
22104138,false,1,1770,0,0,0,0,4,5992,2,0,4,14168,-113,0
22114133,false,1,1765,0,0,0,0,4,5992,2,0,4,14168,-113,0
22124133,false,1,1758,0,0,0,0,4,5992,2,0,4,14168,-113,0
22134134,false,1,1752,0,0,0,0,4,5992,2,0,4,14168,-113,0
22144135,false,1,1750,0,0,0,0,4,5992,2,0,4,14168,-113,0
22154137,false,1,1754,0,0,0,0,4,5992,2,0,4,14168,-113,0
22164138,false,1,1761,0,0,0,0,4,5992,2,0,4,14168,-113,0
22174132,false,1,1770,0,0,0,0,4,5992,2,0,4,14168,-113,0
22184133,false,1,1781,0,0,0,0,4,5992,2,0,4,14168,-113,0
22194137,false,1,1792,0,0,0,0,4,5992,2,0,4,14168,-113,0
22204207,false,1,1812,0,0,0,0,4,5992,2,0,4,14168,-113,0
22214137,false,1,1821,0,0,0,0,4,5992,2,0,4,14168,-113,0
22224138,false,1,1821,0,0,0,0,4,5992,2,0,4,14168,-113,0
22234132,false,1,1821,0,0,0,0,4,5992,2,0,4,14168,-113,0
22244134,false,1,1824,0,0,0,0,4,5992,2,0,4,14168,-113,0
22254135,false,1,1826,0,0,0,0,4,5992,2,0,4,14168,-113,0
22264135,false,1,1821,0,0,0,0,4,5992,2,0,4,14168,-113,0
22274136,false,1,1826,0,0,0,0,4,5992,2,0,4,14168,-113,0
22284165,false,1,1826,0,0,0,0,4,5992,2,0,4,14168,-113,0
22294135,false,1,1830,0,0,0,0,4,5992,2,0,4,14168,-113,0
22304138,false,1,1831,0,0,0,0,4,5992,2,0,4,14168,-113,0
22314132,false,1,1835,0,0,0,0,4,5992,2,0,4,14168,-113,0
22324132,false,1,1835,0,0,0,0,4,5992,2,0,4,14168,-113,0
22334133,false,1,1836,0,0,0,0,4,5992,2,0,4,14168,-113,0
22344135,false,1,1842,0,0,0,0,4,5992,2,0,4,14168,-113,0
22354136,false,1,1844,0,0,0,0,4,5992,2,0,4,14168,-113,0
22364137,false,1,1849,0,0,0,0,4,5992,2,0,4,14168,-113,0
22374139,false,1,1856,0,0,0,0,4,5992,2,0,4,14168,-113,0
22384136,false,1,1862,0,0,0,0,4,5992,2,0,4,14168,-113,0
22394138,false,1,1869,0,0,0,0,4,5992,2,0,4,14168,-113,0
22404132,false,1,1873,0,0,0,0,4,5992,2,0,4,14168,-113,0
22414132,false,1,1873,0,0,0,0,4,5992,2,0,4,14168,-113,0
22424135,false,1,1870,0,0,0,0,4,5992,2,0,4,14168,-113,0
22434135,false,1,1867,0,0,0,0,4,5992,2,0,4,14168,-113,0
22444136,false,1,1865,0,0,0,0,4,5992,2,0,4,14168,-113,0
22454136,false,1,1860,0,0,0,0,4,5992,2,0,4,14168,-113,0
22464132,false,1,1854,0,0,0,0,4,5992,2,0,4,14168,-113,0
22474135,false,1,1855,0,0,0,0,4,5992,2,0,4,14168,-113,0
22484138,false,1,1850,0,0,0,0,4,5992,2,0,4,14168,-113,0
22494132,false,1,1842,0,0,0,0,4,5992,2,0,4,14168,-113,0
22504134,false,1,1829,0,0,0,0,4,5992,2,0,4,14168,-113,0
22514134,false,1,1823,0,0,0,0,4,5992,2,0,4,14168,-113,0
22524135,false,1,1819,0,0,0,0,4,5992,2,0,4,14168,-113,0
22534136,false,1,1810,0,0,0,0,4,5992,2,0,4,14168,-113,0
22544136,false,1,1801,0,0,0,0,4,5992,2,0,4,14168,-113,0
22554137,false,1,1793,0,0,0,0,4,5992,2,0,4,14168,-113,0
22564136,false,1,1784,0,0,0,0,4,5992,2,0,4,14168,-113,0
22574137,false,1,1776,0,0,0,0,4,5992,2,0,4,14168,-113,0
22584138,false,1,1771,0,0,0,0,4,5992,2,0,4,14168,-113,0
22594132,false,1,1759,0,0,0,0,4,5992,2,0,4,14168,-113,0
22604133,false,1,1758,0,0,0,0,4,5992,2,0,4,14168,-113,0
22614133,false,1,1752,0,0,0,0,4,5992,2,0,4,14168,-113,0
22624136,false,1,1762,0,0,0,0,4,5992,2,0,4,14168,-113,0
22634137,false,1,1767,0,0,0,0,4,5992,2,0,4,14168,-113,0
22644137,false,1,1774,0,0,0,0,4,5992,2,0,4,14168,-113,0
22654134,false,1,1777,0,0,0,0,4,5992,2,0,4,14168,-113,0
22664137,false,1,1787,0,0,0,0,4,5992,2,0,4,14168,-113,0
22674133,false,1,1797,0,0,0,0,4,5992,2,0,4,14168,-113,0
22684133,false,1,1799,0,0,0,0,4,5992,2,0,4,14168,-113,0
22694135,false,1,1804,0,0,0,0,4,5992,2,0,4,14168,-113,0
22704136,false,1,1807,0,0,0,0,4,5992,2,0,4,14168,-113,0
22714138,false,1,1815,0,0,0,0,4,5992,2,0,4,14168,-113,0
22724132,false,1,1817,0,0,0,0,4,5992,2,0,4,14168,-113,0
22734134,false,1,1825,0,0,0,0,4,5992,2,0,4,14168,-113,0
22744134,false,1,1825,0,0,0,0,4,5992,2,0,4,14168,-113,0
22754132,false,1,1827,0,0,0,0,4,5992,2,0,4,14168,-113,0
22764135,false,1,1830,0,0,0,0,4,5992,2,0,4,14168,-113,0
22774136,false,1,1831,0,0,0,0,4,5992,2,0,4,14168,-113,0
22784137,false,1,1831,0,0,0,0,4,5992,2,0,4,14168,-113,0
22794137,false,1,1833,0,0,0,0,4,5992,2,0,4,14168,-113,0
22804133,false,1,1832,0,0,0,0,4,5992,2,0,4,14168,-113,0
22814133,false,1,1829,0,0,0,0,4,5992,2,0,4,14168,-113,0
22824133,false,1,1822,0,0,0,0,4,5992,2,0,4,14168,-113,0
22834135,false,1,1822,0,0,0,0,4,5992,2,0,4,14168,-113,0
22844133,false,1,1818,0,0,0,0,4,5992,2,0,4,14168,-113,0
22854136,false,1,1812,0,0,0,0,4,5992,2,0,4,14168,-113,0
22864136,false,1,1808,0,0,0,0,4,5992,2,0,4,14168,-113,0
22874137,false,1,1804,0,0,0,0,4,5992,2,0,4,14168,-113,0
22884138,false,1,1808,0,0,0,0,4,5992,2,0,4,14168,-113,0
22894138,false,1,1810,0,0,0,0,4,5992,2,0,4,14168,-113,0
22904133,false,1,1814,0,0,0,0,4,5992,2,0,4,14168,-113,0
22914135,false,1,1817,0,0,0,0,4,5992,2,0,4,14168,-113,0
22924135,false,1,1822,0,0,0,0,4,5992,2,0,4,14168,-113,0
22934134,false,1,1824,0,0,0,0,4,5992,2,0,4,14168,-113,0
22944135,false,1,1825,0,0,0,0,4,5992,2,0,4,14168,-113,0
22954137,false,1,1813,0,0,0,0,4,5992,2,0,4,14168,-113,0
22964138,false,1,1806,0,0,0,0,4,5992,2,0,4,14168,-113,0
22974132,false,1,1798,0,0,0,0,4,5992,2,0,4,14168,-113,0
22984132,false,1,1794,0,0,0,0,4,5992,2,0,4,14168,-113,0
22994134,false,1,1783,0,0,0,0,4,5992,2,0,4,14168,-113,0
23004136,false,1,1776,0,0,0,0,4,5992,2,0,4,14168,-113,0
23014136,false,1,1774,0,0,0,0,4,5992,2,0,4,14168,-113,0
23024135,false,1,1779,0,0,0,0,4,5992,2,0,4,14168,-113,0
23034135,false,1,1782,0,0,0,0,4,5992,2,0,4,14168,-113,0
23044136,false,1,1785,0,0,0,0,4,5992,2,0,4,14168,-113,0
23054132,false,1,1795,0,0,0,0,4,5992,2,0,4,14168,-113,0
23064133,false,1,1792,0,0,0,0,4,5992,2,0,4,14168,-113,0
23074133,false,1,1797,0,0,0,0,4,5992,2,0,4,14168,-113,0
23084134,false,1,1802,0,0,0,0,4,5992,2,0,4,14168,-113,0
23094135,false,1,1808,0,0,0,0,4,5992,2,0,4,14168,-113,0
23104137,false,1,1819,0,0,0,0,4,5992,2,0,4,14168,-113,0
23114133,false,1,1823,0,0,0,0,4,5992,2,0,4,14168,-113,0
23124137,false,1,1825,0,0,0,0,4,5992,2,0,4,14168,-113,0
23134138,false,1,1837,0,0,0,0,4,5992,2,0,4,14168,-113,0
23144133,false,1,1842,0,0,0,0,4,5992,2,0,4,14168,-113,0
23154133,false,1,1842,0,0,0,0,4,5992,2,0,4,14168,-113,0
23164134,false,1,1843,0,0,0,0,4,5992,2,0,4,14168,-113,0
23174135,false,1,1845,0,0,0,0,4,5992,2,0,4,14168,-113,0
23184135,false,1,1849,0,0,0,0,4,5992,2,0,4,14168,-113,0
23194137,false,1,1851,0,0,0,0,4,5992,2,0,4,14168,-113,0
23204133,false,1,1855,0,0,0,0,4,5992,2,0,4,14168,-113,0
23214138,false,1,1856,0,0,0,0,4,5992,2,0,4,14168,-113,0
23224132,false,1,1854,0,0,0,0,4,5992,2,0,4,14168,-113,0
23234134,false,1,1858,0,0,0,0,4,5992,2,0,4,14168,-113,0
23244134,false,1,1857,0,0,0,0,4,5992,2,0,4,14168,-113,0
23254134,false,1,1857,0,0,0,0,4,5992,2,0,4,14168,-113,0
23264135,false,1,1857,0,0,0,0,4,5992,2,0,4,14168,-113,0
23274137,false,1,1852,0,0,0,0,4,5992,2,0,4,14168,-113,0
23284138,false,1,1847,0,0,0,0,4,5992,2,0,4,14168,-113,0
23294134,false,1,1839,0,0,0,0,4,5992,2,0,4,14168,-113,0
23304138,false,1,1832,0,0,0,0,4,5992,2,0,4,14168,-113,0
23314132,false,1,1828,0,0,0,0,4,5992,2,0,4,14168,-113,0
23324135,false,1,1816,0,0,0,0,4,5992,2,0,4,14168,-113,0
23334136,false,1,1810,0,0,0,0,4,5992,2,0,4,14168,-113,0
23344136,false,1,1809,0,0,0,0,4,5992,2,0,4,14168,-113,0
23354137,false,1,1810,0,0,0,0,4,5992,2,0,4,14168,-113,0
23364138,false,1,1813,0,0,0,0,4,5992,2,0,4,14168,-113,0
23374133,false,1,1815,0,0,0,0,4,5992,2,0,4,14168,-113,0
23384135,false,1,1816,0,0,0,0,4,5992,2,0,4,14168,-113,0
23394132,false,1,1819,0,0,0,0,4,5992,2,0,4,14168,-113,0
23404135,false,1,1818,0,0,0,0,4,5992,2,0,4,14168,-113,0
23414137,false,1,1820,0,0,0,0,4,5992,2,0,4,14168,-113,0
23424138,false,1,1819,0,0,0,0,4,5992,2,0,4,14168,-113,0
23434132,false,1,1818,0,0,0,0,4,5992,2,0,4,14168,-113,0
23444132,false,1,1817,0,0,0,0,4,5992,2,0,4,14168,-113,0
23454133,false,1,1817,0,0,0,0,4,5992,2,0,4,14168,-113,0
23464135,false,1,1816,0,0,0,0,4,5992,2,0,4,14168,-113,0
23474137,false,1,1814,0,0,0,0,4,5992,2,0,4,14168,-113,0
23484133,false,1,1816,0,0,0,0,4,5992,2,0,4,14168,-113,0
23494137,false,1,1816,0,0,0,0,4,5992,2,0,4,14168,-113,0
23504138,false,1,1818,0,0,0,0,4,5992,2,0,4,14168,-113,0
23514133,false,1,1816,0,0,0,0,4,5992,2,0,4,14168,-113,0
23524134,false,1,1814,0,0,0,0,4,5992,2,0,4,14168,-113,0
23534135,false,1,1817,0,0,0,0,4,5992,2,0,4,14168,-113,0
23544136,false,1,1818,0,0,0,0,4,5992,2,0,4,14168,-113,0
23554138,false,1,1813,0,0,0,0,4,5992,2,0,4,14168,-113,0
23564132,false,1,1813,0,0,0,0,4,5992,2,0,4,14168,-113,0
23574133,false,1,1816,0,0,0,0,4,5992,2,0,4,14168,-113,0
23584137,false,1,1813,0,0,0,0,4,5992,2,0,4,14168,-113,0
23594138,false,1,1815,0,0,0,0,4,5992,2,0,4,14168,-113,0
23604133,false,1,1809,0,0,0,0,4,5992,2,0,4,14168,-113,0
23614134,false,1,1809,0,0,0,0,4,5992,2,0,4,14168,-113,0
23624134,false,1,1809,0,0,0,0,4,5992,2,0,4,14168,-113,0
23634135,false,1,1807,0,0,0,0,4,5992,2,0,4,14168,-113,0
23644135,false,1,1805,0,0,0,0,4,5992,2,0,4,14168,-113,0
23654137,false,1,1803,0,0,0,0,4,5992,2,0,4,14168,-113,0
23664133,false,1,1804,0,0,0,0,4,5992,2,0,4,14168,-113,0
23674137,false,1,1804,0,0,0,0,4,5992,2,0,4,14168,-113,0
23684138,false,1,1803,0,0,0,0,4,5992,2,0,4,14168,-113,0
23694132,false,1,1806,0,0,0,0,4,5992,2,0,4,14168,-113,0
23704135,false,1,1811,0,0,0,0,4,5992,2,0,4,14168,-113,0
23714137,false,1,1812,0,0,0,0,4,5992,2,0,4,14168,-113,0
23724137,false,1,1810,0,0,0,0,4,5992,2,0,4,14168,-113,0
23734138,false,1,1815,0,0,0,0,4,5992,2,0,4,14168,-113,0
23744133,false,1,1818,0,0,0,0,4,5992,2,0,4,14168,-113,0
23754137,false,1,1826,0,0,0,0,4,5992,2,0,4,14168,-113,0
23764135,false,1,1826,0,0,0,0,4,5992,2,0,4,14168,-113,0
23774136,false,1,1828,0,0,0,0,4,5992,2,0,4,14168,-113,0
23784136,false,1,1832,0,0,0,0,4,5992,2,0,4,14168,-113,0
23794138,false,1,1837,0,0,0,0,4,5992,2,0,4,14168,-113,0
23804132,false,1,1833,0,0,0,0,4,5992,2,0,4,14168,-113,0
23814133,false,1,1830,0,0,0,0,4,5992,2,0,4,14168,-113,0
23824135,false,1,1825,0,0,0,0,4,5992,2,0,4,14168,-113,0
23834135,false,1,1824,0,0,0,0,4,5992,2,0,4,14168,-113,0
23844132,false,1,1816,0,0,0,0,4,5992,2,0,4,14168,-113,0
23854133,false,1,1812,0,0,0,0,4,5992,2,0,4,14168,-113,0
23864138,false,1,1809,0,0,0,0,4,5992,2,0,4,14168,-113,0
23874138,false,1,1810,0,0,0,0,4,5992,2,0,4,14168,-113,0
23884132,false,1,1814,0,0,0,0,4,5992,2,0,4,14168,-113,0
23894135,false,1,1817,0,0,0,0,4,5992,2,0,4,14168,-113,0
23904135,false,1,1822,0,0,0,0,4,5992,2,0,4,14168,-113,0
23914136,false,1,1821,0,0,0,0,4,5992,2,0,4,14168,-113,0
23924136,false,1,1825,0,0,0,0,4,5992,2,0,4,14168,-113,0
23934133,false,1,1831,0,0,0,0,4,5992,2,0,4,14168,-113,0
23944133,false,1,1831,0,0,0,0,4,5992,2,0,4,14168,-113,0
23954137,false,1,1835,0,0,0,0,4,5992,2,0,4,14168,-113,0
23964132,false,1,1836,0,0,0,0,4,5992,2,0,4,14168,-113,0
23974132,false,1,1837,0,0,0,0,4,5992,2,0,4,14168,-113,0
23984134,false,1,1842,0,0,0,0,4,5992,2,0,4,14168,-113,0
23994135,false,1,1844,0,0,0,0,4,5992,2,0,4,14168,-113,0
24004137,false,1,1844,0,0,0,0,4,5991,2,0,4,14168,-113,0
24014137,false,1,1842,0,0,0,0,4,5991,2,0,4,14168,-113,0
24024135,false,1,1842,0,0,0,0,4,5991,2,0,4,14168,-113,0
24034136,false,1,1841,0,0,0,0,4,5991,2,0,4,14168,-113,0
24044133,false,1,1836,0,0,0,0,4,5991,2,0,4,14168,-113,0
24054133,false,1,1837,0,0,0,0,4,5991,2,0,4,14168,-113,0
24064134,false,1,1835,0,0,0,0,4,5991,2,0,4,14168,-113,0
24074136,false,1,1830,0,0,0,0,4,5991,2,0,4,14168,-113,0
24084137,false,1,1828,0,0,0,0,4,5991,2,0,4,14168,-113,0
24094137,false,1,1827,0,0,0,0,4,5991,2,0,4,14168,-113,0
24104137,false,1,1820,0,0,0,0,4,5991,2,0,4,14168,-113,0
24114134,false,1,1819,0,0,0,0,4,5991,2,0,4,14168,-113,0
24124135,false,1,1816,0,0,0,0,4,5991,2,0,4,14168,-113,0
24134132,false,1,1813,0,0,0,0,4,5991,2,0,4,14168,-113,0
24144132,false,1,1810,0,0,0,0,4,5991,2,0,4,14168,-113,0
24154133,false,1,1806,0,0,0,0,4,5991,2,0,4,14168,-113,0
24164135,false,1,1803,0,0,0,0,4,5991,2,0,4,14168,-113,0
24174137,false,1,1800,0,0,0,0,4,5991,2,0,4,14168,-113,0
24184138,false,1,1795,0,0,0,0,4,5991,2,0,4,14168,-113,0
24194132,false,1,1791,0,0,0,0,4,5991,2,0,4,14168,-113,0
24204134,false,1,1787,0,0,0,0,4,5991,2,0,4,14168,-113,0
24214135,false,1,1787,0,0,0,0,4,5991,2,0,4,14168,-113,0
24224137,false,1,1777,0,0,0,0,4,5991,2,0,4,14168,-113,0
24234135,false,1,1775,0,0,0,0,4,5991,2,0,4,14168,-113,0
24244136,false,1,1771,0,0,0,0,4,5991,2,0,4,14168,-113,0
24254136,false,1,1767,0,0,0,0,4,5991,2,0,4,14168,-113,0
24264136,false,1,1764,0,0,0,0,4,5991,2,0,4,14168,-113,0
24274138,false,1,1758,0,0,0,0,4,5991,2,0,4,14168,-113,0
24284132,false,1,1756,0,0,0,0,4,5991,2,0,4,14168,-113,0
24294135,false,1,1747,0,0,0,0,4,5991,2,0,4,14168,-113,0
24304136,false,1,1742,0,0,0,0,4,5991,2,0,4,14168,-113,0
24314137,false,1,1738,0,0,0,0,4,5991,2,0,4,14168,-113,0
24324134,false,1,1734,0,0,0,0,4,5991,2,0,4,14168,-113,0
24334135,false,1,1730,0,0,0,0,4,5991,2,0,4,14168,-113,0
24344137,false,1,1739,0,0,0,0,4,5991,2,0,4,14168,-113,0
24354138,false,1,1747,0,0,0,0,4,5991,2,0,4,14168,-113,0
24364132,false,1,1755,0,0,0,0,4,5991,2,0,4,14168,-113,0
24374133,false,1,1760,0,0,0,0,4,5991,2,0,4,14168,-113,0
24384135,false,1,1768,0,0,0,0,4,5991,2,0,4,14168,-113,0
24394137,false,1,1782,0,0,0,0,4,5991,2,0,4,14168,-113,0
24404138,false,1,1783,0,0,0,0,4,5991,2,0,4,14168,-113,0
24414135,false,1,1787,0,0,0,0,4,5991,2,0,4,14168,-113,0
24424136,false,1,1792,0,0,0,0,4,5991,2,0,4,14168,-113,0
24434137,false,1,1794,0,0,0,0,4,5991,2,0,4,14168,-113,0
24444132,false,1,1802,0,0,0,0,4,5991,2,0,4,14168,-113,0
24454132,false,1,1805,0,0,0,0,4,5991,2,0,4,14168,-113,0
24464133,false,1,1807,0,0,0,0,4,5991,2,0,4,14168,-113,0
24474136,false,1,1808,0,0,0,0,4,5991,2,0,4,14168,-113,0
24484137,false,1,1804,0,0,0,0,4,5991,2,0,4,14168,-113,0
24494133,false,1,1801,0,0,0,0,4,5991,2,0,4,14168,-113,0
24504137,false,1,1796,0,0,0,0,4,5991,2,0,4,14168,-113,0
24514138,false,1,1796,0,0,0,0,4,5991,2,0,4,14168,-113,0
24524132,false,1,1793,0,0,0,0,4,5991,2,0,4,14168,-113,0
24534132,false,1,1787,0,0,0,0,4,5991,2,0,4,14168,-113,0
24544135,false,1,1780,0,0,0,0,4,5991,2,0,4,14168,-113,0
24554137,false,1,1775,0,0,0,0,4,5991,2,0,4,14168,-113,0
24564133,false,1,1768,0,0,0,0,4,5991,2,0,4,14168,-113,0
24574134,false,1,1764,0,0,0,0,4,5991,2,0,4,14168,-113,0
24584135,false,1,1757,0,0,0,0,4,5991,2,0,4,14168,-113,0
24594135,false,1,1752,0,0,0,0,4,5991,2,0,4,14168,-113,0
24604134,false,1,1766,0,0,0,0,4,5991,2,0,4,14168,-113,0
24614135,false,1,1778,0,0,0,0,4,5991,2,0,4,14168,-113,0
24624135,false,1,1790,0,0,0,0,4,5991,2,0,4,14168,-113,0
24634135,false,1,1804,0,0,0,0,4,5991,2,0,4,14168,-113,0
24644137,false,1,1830,0,0,0,0,4,5991,2,0,4,14168,-113,0
24654133,false,1,1847,0,0,0,0,4,5991,2,0,4,14168,-113,0
24664134,false,1,1855,0,0,0,0,4,5991,2,0,4,14168,-113,0
24674135,false,1,1852,0,0,0,0,4,5991,2,0,4,14168,-113,0
24684136,false,1,1841,0,0,0,0,4,5991,2,0,4,14168,-113,0
24694135,false,1,1830,0,0,0,0,4,5991,2,0,4,14168,-113,0
24704135,false,1,1823,0,0,0,0,4,5991,2,0,4,14168,-113,0
24714135,false,1,1818,0,0,0,0,4,5991,2,0,4,14168,-113,0
24724136,false,1,1810,0,0,0,0,4,5991,2,0,4,14168,-113,0
24734137,false,1,1806,0,0,0,0,4,5991,2,0,4,14168,-113,0
24744132,false,1,1797,0,0,0,0,4,5991,2,0,4,14168,-113,0
24754133,false,1,1789,0,0,0,0,4,5991,2,0,4,14168,-113,0
24764134,false,1,1788,0,0,0,0,4,5991,2,0,4,14168,-113,0
24774135,false,1,1784,0,0,0,0,4,5991,2,0,4,14168,-113,0
24784132,false,1,1779,0,0,0,0,4,5991,2,0,4,14168,-113,0
24794133,false,1,1775,0,0,0,0,4,5991,2,0,4,14168,-113,0
24804135,false,1,1783,0,0,0,0,4,5991,2,0,4,14168,-113,0
24814135,false,1,1791,0,0,0,0,4,5991,2,0,4,14168,-113,0
24824135,false,1,1801,0,0,0,0,4,5991,2,0,4,14168,-113,0
24834137,false,1,1810,0,0,0,0,4,5991,2,0,4,14168,-113,0
24844134,false,1,1832,0,0,0,0,4,5991,2,0,4,14168,-113,0
24854135,false,1,1843,0,0,0,0,4,5991,2,0,4,14168,-113,0
24864136,false,1,1848,0,0,0,0,4,5991,2,0,4,14168,-113,0
24874133,false,1,1843,0,0,0,0,4,5991,2,0,4,14168,-113,0
24884135,false,1,1833,0,0,0,0,4,5991,2,0,4,14168,-113,0
24894136,false,1,1828,0,0,0,0,4,5991,2,0,4,14168,-113,0
24904137,false,1,1819,0,0,0,0,4,5991,2,0,4,14168,-113,0
24914137,false,1,1814,0,0,0,0,4,5991,2,0,4,14168,-113,0
24924132,false,1,1807,0,0,0,0,4,5991,2,0,4,14168,-113,0
24934133,false,1,1804,0,0,0,0,4,5991,2,0,4,14168,-113,0
24944136,false,1,1794,0,0,0,0,4,5991,2,0,4,14168,-113,0
24954137,false,1,1788,0,0,0,0,4,5991,2,0,4,14168,-113,0
24964137,false,1,1781,0,0,0,0,4,5991,2,0,4,14168,-113,0
24974134,false,1,1775,0,0,0,0,4,5991,2,0,4,14168,-113,0
24984135,false,1,1770,0,0,0,0,4,5991,2,0,4,14168,-113,0
24994137,false,1,1760,0,0,0,0,4,5991,2,0,4,14168,-113,0
25004132,false,1,1765,0,0,0,0,4,5991,2,0,4,14168,-113,0
25014133,false,1,1769,0,0,0,0,4,5991,2,0,4,14168,-113,0
25024135,false,1,1779,0,0,0,0,4,5991,2,0,4,14168,-113,0
25034136,false,1,1785,0,0,0,0,4,5991,2,0,4,14168,-113,0
25044138,false,1,1800,0,0,0,0,4,5991,2,0,4,14168,-113,0
25054132,false,1,1808,0,0,0,0,4,5991,2,0,4,14168,-113,0
25064136,false,1,1815,0,0,0,0,4,5991,2,0,4,14168,-113,0
25074137,false,1,1823,0,0,0,0,4,5991,2,0,4,14168,-113,0
25084132,false,1,1835,0,0,0,0,4,5991,2,0,4,14168,-113,0
25094132,false,1,1845,0,0,0,0,4,5991,2,0,4,14168,-113,0
25104133,false,1,1854,0,0,0,0,4,5991,2,0,4,14168,-113,0
25114136,false,1,1863,0,0,0,0,4,5991,2,0,4,14168,-113,0
25124132,false,1,1875,0,0,0,0,4,5991,2,0,4,14168,-113,0
25134132,false,1,1876,0,0,0,0,4,5991,2,0,4,14168,-113,0
25144133,false,1,1874,0,0,0,0,4,5991,2,0,4,14168,-113,0
25154137,false,1,1870,0,0,0,0,4,5991,2,0,4,14168,-113,0
25164138,false,1,1869,0,0,0,0,4,5991,2,0,4,14168,-113,0
25174133,false,1,1863,0,0,0,0,4,5991,2,0,4,14168,-113,0
25184135,false,1,1866,0,0,0,0,4,5991,2,0,4,14168,-113,0
25194135,false,1,1863,0,0,0,0,4,5991,2,0,4,14168,-113,0
25204137,false,1,1858,0,0,0,0,4,5991,2,0,4,14168,-113,0
25214132,false,1,1866,0,0,0,0,4,5991,2,0,4,14168,-113,0
25224133,false,1,1862,0,0,0,0,4,5991,2,0,4,14168,-113,0
25234135,false,1,1861,0,0,0,0,4,5991,2,0,4,14168,-113,0
25244132,false,1,1860,0,0,0,0,4,5991,2,0,4,14168,-113,0
25254134,false,1,1861,0,0,0,0,4,5991,2,0,4,14168,-113,0
25264135,false,1,1860,0,0,0,0,4,5991,2,0,4,14168,-113,0
25274135,false,1,1854,0,0,0,0,4,5991,2,0,4,14168,-113,0
25284136,false,1,1854,0,0,0,0,4,5991,2,0,4,14168,-113,0
25294133,false,1,1853,0,0,0,0,4,5991,2,0,4,14168,-113,0
25304133,false,1,1850,0,0,0,0,4,5991,2,0,4,14168,-113,0
25314133,false,1,1849,0,0,0,0,4,5991,2,0,4,14168,-113,0
25324133,false,1,1845,0,0,0,0,4,5991,2,0,4,14168,-113,0
25334135,false,1,1842,0,0,0,0,4,5991,2,0,4,14168,-113,0
25344133,false,1,1826,0,0,0,0,4,5991,2,0,4,14168,-113,0
25354135,false,1,1821,0,0,0,0,4,5991,2,0,4,14168,-113,0
25364135,false,1,1812,0,0,0,0,4,5991,2,0,4,14168,-113,0
25374136,false,1,1806,0,0,0,0,4,5991,2,0,4,14168,-113,0
25384132,false,1,1799,0,0,0,0,4,5991,2,0,4,14168,-113,0
25394134,false,1,1786,0,0,0,0,4,5991,2,0,4,14168,-113,0
25404134,false,1,1788,0,0,0,0,4,5991,2,0,4,14168,-113,0
25414135,false,1,1784,0,0,0,0,4,5991,2,0,4,14168,-113,0
25424136,false,1,1781,0,0,0,0,4,5991,2,0,4,14168,-113,0
25434133,false,1,1779,0,0,0,0,4,5991,2,0,4,14168,-113,0
25444135,false,1,1772,0,0,0,0,4,5991,2,0,4,14168,-113,0
25454136,false,1,1773,0,0,0,0,4,5991,2,0,4,14168,-113,0
25464137,false,1,1774,0,0,0,0,4,5991,2,0,4,14168,-113,0
25474132,false,1,1771,0,0,0,0,4,5991,2,0,4,14168,-113,0
25484133,false,1,1771,0,0,0,0,4,5991,2,0,4,14168,-113,0
25494134,false,1,1774,0,0,0,0,4,5991,2,0,4,14168,-113,0
25504136,false,1,1774,0,0,0,0,4,5991,2,0,4,14168,-113,0
25514137,false,1,1777,0,0,0,0,4,5991,2,0,4,14168,-113,0
25524135,false,1,1776,0,0,0,0,4,5991,2,0,4,14168,-113,0
25534136,false,1,1780,0,0,0,0,4,5991,2,0,4,14168,-113,0
25544138,false,1,1785,0,0,0,0,4,5991,2,0,4,14168,-113,0
25554133,false,1,1790,0,0,0,0,4,5991,2,0,4,14168,-113,0
25564135,false,1,1793,0,0,0,0,4,5991,2,0,4,14168,-113,0
25574136,false,1,1798,0,0,0,0,4,5991,2,0,4,14168,-113,0
25584137,false,1,1799,0,0,0,0,4,5991,2,0,4,14168,-113,0
25594138,false,1,1804,0,0,0,0,4,5991,2,0,4,14168,-113,0
25604133,false,1,1815,0,0,0,0,4,5991,2,0,4,14168,-113,0
25614138,false,1,1821,0,0,0,0,4,5991,2,0,4,14168,-113,0
25624132,false,1,1824,0,0,0,0,4,5991,2,0,4,14168,-113,0
25634132,false,1,1829,0,0,0,0,4,5991,2,0,4,14168,-113,0
25644135,false,1,1838,0,0,0,0,4,5991,2,0,4,14168,-113,0
25654137,false,1,1843,0,0,0,0,4,5991,2,0,4,14168,-113,0
25664138,false,1,1839,0,0,0,0,4,5991,2,0,4,14168,-113,0
25674132,false,1,1830,0,0,0,0,4,5991,2,0,4,14168,-113,0
25684132,false,1,1828,0,0,0,0,4,5991,2,0,4,14168,-113,0
25694133,false,1,1816,0,0,0,0,4,5991,2,0,4,14168,-113,0
25704135,false,1,1811,0,0,0,0,4,5991,2,0,4,14168,-113,0
25714138,false,1,1809,0,0,0,0,4,5991,2,0,4,14168,-113,0
25724132,false,1,1800,0,0,0,0,4,5991,2,0,4,14168,-113,0
25734132,false,1,1805,0,0,0,0,4,5991,2,0,4,14168,-113,0
25744136,false,1,1811,0,0,0,0,4,5991,2,0,4,14168,-113,0
25754136,false,1,1815,0,0,0,0,4,5991,2,0,4,14168,-113,0
25764137,false,1,1819,0,0,0,0,4,5991,2,0,4,14168,-113,0
25774137,false,1,1824,0,0,0,0,4,5991,2,0,4,14168,-113,0
25784132,false,1,1831,0,0,0,0,4,5991,2,0,4,14168,-113,0
25794133,false,1,1825,0,0,0,0,4,5991,2,0,4,14168,-113,0
25804137,false,1,1824,0,0,0,0,4,5991,2,0,4,14168,-113,0
25814137,false,1,1815,0,0,0,0,4,5991,2,0,4,14168,-113,0
25824138,false,1,1808,0,0,0,0,4,5991,2,0,4,14168,-113,0
25834135,false,1,1801,0,0,0,0,4,5991,2,0,4,14168,-113,0
25844136,false,1,1796,0,0,0,0,4,5991,2,0,4,14168,-113,0
25854137,false,1,1789,0,0,0,0,4,5991,2,0,4,14168,-113,0
25864138,false,1,1788,0,0,0,0,4,5991,2,0,4,14168,-113,0
25874132,false,1,1790,0,0,0,0,4,5991,2,0,4,14168,-113,0
25884134,false,1,1796,0,0,0,0,4,5991,2,0,4,14168,-113,0
25894138,false,1,1798,0,0,0,0,4,5991,2,0,4,14168,-113,0
25904138,false,1,1799,0,0,0,0,4,5991,2,0,4,14168,-113,0
25914132,false,1,1798,0,0,0,0,4,5991,2,0,4,14168,-113,0
25924133,false,1,1801,0,0,0,0,4,5991,2,0,4,14168,-113,0
25934132,false,1,1801,0,0,0,0,4,5991,2,0,4,14168,-113,0
25944135,false,1,1793,0,0,0,0,4,5991,2,0,4,14168,-113,0
25954135,false,1,1791,0,0,0,0,4,5991,2,0,4,14168,-113,0
25964135,false,1,1785,0,0,0,0,4,5991,2,0,4,14168,-113,0
25974136,false,1,1782,0,0,0,0,4,5991,2,0,4,14168,-113,0
25984133,false,1,1783,0,0,0,0,4,5991,2,0,4,14168,-113,0
25994136,false,1,1783,0,0,0,0,4,5991,2,0,4,14168,-113,0
26004136,false,1,1789,0,0,0,0,4,5991,2,0,4,14168,-113,0
26014137,false,1,1794,0,0,0,0,4,5991,2,0,4,14168,-113,0
26024133,false,1,1800,0,0,0,0,4,5991,2,0,4,14168,-113,0
26034135,false,1,1808,0,0,0,0,4,5991,2,0,4,14168,-113,0
26044137,false,1,1816,0,0,0,0,4,5991,2,0,4,14168,-113,0
26054138,false,1,1821,0,0,0,0,4,5991,2,0,4,14168,-113,0
26064132,false,1,1823,0,0,0,0,4,5991,2,0,4,14168,-113,0
26074133,false,1,1824,0,0,0,0,4,5991,2,0,4,14168,-113,0
26084138,false,1,1823,0,0,0,0,4,5991,2,0,4,14168,-113,0
26094132,false,1,1823,0,0,0,0,4,5991,2,0,4,14168,-113,0
26104132,false,1,1826,0,0,0,0,4,5991,2,0,4,14168,-113,0
26114136,false,1,1827,0,0,0,0,4,5991,2,0,4,14168,-113,0
26124137,false,1,1826,0,0,0,0,4,5991,2,0,4,14168,-113,0
26134133,false,1,1814,0,0,0,0,4,5991,2,0,4,14168,-113,0
26144134,false,1,1807,0,0,0,0,4,5991,2,0,4,14168,-113,0
26154135,false,1,1802,0,0,0,0,4,5991,2,0,4,14168,-113,0
26164136,false,1,1795,0,0,0,0,4,5991,2,0,4,14168,-113,0
26174133,false,1,1789,0,0,0,0,4,5991,2,0,4,14168,-113,0
26184133,false,1,1782,0,0,0,0,4,5991,2,0,4,14168,-113,0
26194135,false,1,1775,0,0,0,0,4,5991,2,0,4,14168,-113,0
26204138,false,1,1769,0,0,0,0,4,5991,2,0,4,14168,-113,0
26214138,false,1,1768,0,0,0,0,4,5991,2,0,4,14168,-113,0
26224132,false,1,1767,0,0,0,0,4,5991,2,0,4,14168,-113,0
26234133,false,1,1764,0,0,0,0,4,5991,2,0,4,14168,-113,0
26244135,false,1,1758,0,0,0,0,4,5991,2,0,4,14168,-113,0
26254136,false,1,1758,0,0,0,0,4,5991,2,0,4,14168,-113,0
26264134,false,1,1758,0,0,0,0,4,5991,2,0,4,14168,-113,0
26274135,false,1,1762,0,0,0,0,4,5991,2,0,4,14168,-113,0
26284136,false,1,1766,0,0,0,0,4,5991,2,0,4,14168,-113,0
26294138,false,1,1768,0,0,0,0,4,5991,2,0,4,14168,-113,0
26304133,false,1,1774,0,0,0,0,4,5991,2,0,4,14168,-113,0
26314133,false,1,1776,0,0,0,0,4,5991,2,0,4,14168,-113,0
26324134,false,1,1784,0,0,0,0,4,5991,2,0,4,14168,-113,0
26334135,false,1,1794,0,0,0,0,4,5991,2,0,4,14168,-113,0
26344137,false,1,1813,0,0,0,0,4,5991,2,0,4,14168,-113,0
26354134,false,1,1825,0,0,0,0,4,5991,2,0,4,14168,-113,0
26364135,false,1,1836,0,0,0,0,4,5991,2,0,4,14168,-113,0
26374135,false,1,1847,0,0,0,0,4,5991,2,0,4,14168,-113,0
26384132,false,1,1865,0,0,0,0,4,5991,2,0,4,14168,-113,0
26394132,false,1,1860,0,0,0,0,4,5991,2,0,4,14168,-113,0
26404133,false,1,1856,0,0,0,0,4,5991,2,0,4,14168,-113,0
26414134,false,1,1849,0,0,0,0,4,5991,2,0,4,14168,-113,0
26424136,false,1,1846,0,0,0,0,4,5991,2,0,4,14168,-113,0
26434137,false,1,1833,0,0,0,0,4,5991,2,0,4,14168,-113,0
26444138,false,1,1824,0,0,0,0,4,5991,2,0,4,14168,-113,0
26454135,false,1,1818,0,0,0,0,4,5991,2,0,4,14168,-113,0
26464136,false,1,1814,0,0,0,0,4,5991,2,0,4,14168,-113,0
26474132,false,1,1806,0,0,0,0,4,5991,2,0,4,14168,-113,0
26484134,false,1,1796,0,0,0,0,4,5991,2,0,4,14168,-113,0
26494135,false,1,1794,0,0,0,0,4,5991,2,0,4,14168,-113,0
26504136,false,1,1789,0,0,0,0,4,5991,2,0,4,14168,-113,0
26514136,false,1,1783,0,0,0,0,4,5991,2,0,4,14168,-113,0
26524137,false,1,1781,0,0,0,0,4,5991,2,0,4,14168,-113,0
26534138,false,1,1794,0,0,0,0,4,5991,2,0,4,14168,-113,0
26544136,false,1,1800,0,0,0,0,4,5991,2,0,4,14168,-113,0
26554137,false,1,1808,0,0,0,0,4,5991,2,0,4,14168,-113,0
26564138,false,1,1814,0,0,0,0,4,5991,2,0,4,14168,-113,0
26574132,false,1,1820,0,0,0,0,4,5991,2,0,4,14168,-113,0
26584134,false,1,1836,0,0,0,0,4,5991,2,0,4,14168,-113,0
26594134,false,1,1836,0,0,0,0,4,5991,2,0,4,14168,-113,0
26604135,false,1,1827,0,0,0,0,4,5991,2,0,4,14168,-113,0
26614136,false,1,1821,0,0,0,0,4,5991,2,0,4,14168,-113,0
26624137,false,1,1817,0,0,0,0,4,5991,2,0,4,14168,-113,0
26634135,false,1,1804,0,0,0,0,4,5991,2,0,4,14168,-113,0
26644137,false,1,1799,0,0,0,0,4,5991,2,0,4,14168,-113,0
26654132,false,1,1795,0,0,0,0,4,5991,2,0,4,14168,-113,0
26664132,false,1,1792,0,0,0,0,4,5991,2,0,4,14168,-113,0
26674134,false,1,1798,0,0,0,0,4,5991,2,0,4,14168,-113,0
26684135,false,1,1801,0,0,0,0,4,5991,2,0,4,14168,-113,0
26694136,false,1,1805,0,0,0,0,4,5991,2,0,4,14168,-113,0
26704136,false,1,1807,0,0,0,0,4,5991,2,0,4,14168,-113,0
26714137,false,1,1808,0,0,0,0,4,5991,2,0,4,14168,-113,0
26724135,false,1,1817,0,0,0,0,4,5991,2,0,4,14168,-113,0
26734136,false,1,1817,0,0,0,0,4,5991,2,0,4,14168,-113,0
26744138,false,1,1820,0,0,0,0,4,5991,2,0,4,14168,-112,0
26754132,false,1,1823,0,0,0,0,4,5991,2,0,4,14168,-112,0
26764132,false,1,1826,0,0,0,0,4,5991,2,0,4,14168,-112,0
26774134,false,1,1836,0,0,0,0,4,5991,2,0,4,14168,-112,0
26784135,false,1,1837,0,0,0,0,4,5991,2,0,4,14168,-112,0
26794135,false,1,1838,0,0,0,0,4,5991,2,0,4,14168,-112,0
26804136,false,1,1841,0,0,0,0,4,5991,2,0,4,14168,-112,0
26814137,false,1,1844,0,0,0,0,4,5991,2,0,4,14168,-112,0
26824135,false,1,1847,0,0,0,0,4,5991,2,0,4,14168,-112,0
26834138,false,1,1845,0,0,0,0,4,5991,2,0,4,14168,-111,0
26844138,false,1,1848,0,0,0,0,4,5991,2,0,4,14168,-111,0
26854133,false,1,1847,0,0,0,0,4,5991,2,0,4,14168,-111,0
26864134,false,1,1846,0,0,0,0,4,5991,2,0,4,14168,-111,0
26874135,false,1,1843,0,0,0,0,4,5991,2,0,4,14168,-111,0
26884136,false,1,1841,0,0,0,0,4,5991,2,0,4,14168,-111,0
26894137,false,1,1837,0,0,0,0,4,5991,2,0,4,14168,-111,0
26904133,false,1,1833,0,0,0,0,4,5991,2,0,4,14168,-111,0
26914138,false,1,1834,0,0,0,0,4,5991,2,0,4,14168,-111,0
26924133,false,1,1830,0,0,0,0,4,5991,2,0,4,14168,-111,0
26934133,false,1,1831,0,0,0,0,4,5991,2,0,4,14168,-111,0
26944136,false,1,1829,0,0,0,0,4,5991,2,0,4,14168,-111,0
26954137,false,1,1832,0,0,0,0,4,5991,2,0,4,14168,-111,0
26964138,false,1,1829,0,0,0,0,4,5991,2,0,4,14168,-111,0
26974132,false,1,1827,0,0,0,0,4,5991,2,0,4,14168,-111,0
26984132,false,1,1824,0,0,0,0,4,5991,2,0,4,14168,-111,0
26994134,false,1,1821,0,0,0,0,4,5991,2,0,4,14168,-111,0
27004132,false,1,1814,0,0,0,0,4,5991,2,0,4,14168,-111,0
27014135,false,1,1809,0,0,0,0,4,5991,2,0,4,14168,-111,0
27024135,false,1,1801,0,0,0,0,4,5991,2,0,4,14168,-111,0
27034135,false,1,1802,0,0,0,0,4,5991,2,0,4,14168,-111,0
27044137,false,1,1792,0,0,0,0,4,5991,2,0,4,14168,-111,0
27054132,false,1,1787,0,0,0,0,4,5991,2,0,4,14168,-111,0
27064133,false,1,1783,0,0,0,0,4,5991,2,0,4,14168,-111,0
27074133,false,1,1777,0,0,0,0,4,5991,2,0,4,14168,-111,0
27084134,false,1,1776,0,0,0,0,4,5991,2,0,4,14168,-111,0
27094137,false,1,1775,0,0,0,0,4,5991,2,0,4,14168,-111,0
27104134,false,1,1763,0,0,0,0,4,5991,2,0,4,14168,-110,0
27114135,false,1,1760,0,0,0,0,4,5991,2,0,4,14168,-110,0
27124136,false,1,1767,0,0,0,0,4,5991,2,0,4,14168,-110,0
27134137,false,1,1765,0,0,0,0,4,5991,2,0,4,14168,-110,0
27144137,false,1,1774,0,0,0,0,4,5991,2,0,4,14168,-110,0
27154133,false,1,1779,0,0,0,0,4,5991,2,0,4,14168,-110,0
27164134,false,1,1785,0,0,0,0,4,5991,2,0,4,14168,-110,0
27174135,false,1,1791,0,0,0,0,4,5991,2,0,4,14168,-110,0
27184135,false,1,1791,0,0,0,0,4,5991,2,0,4,14168,-110,0
27194132,false,1,1783,0,0,0,0,4,5991,2,0,4,14168,-110,0
27204135,false,1,1782,0,0,0,0,4,5991,2,0,4,14168,-102,2
27214138,false,1,1762,0,0,0,0,4,5991,2,0,4,14168,-102,2
27224133,false,1,1755,0,0,0,0,4,5991,2,0,4,14169,-102,1
27234134,false,1,1750,0,0,0,0,4,5991,2,0,4,14169,-102,1
27244135,false,1,1740,0,0,0,0,4,5991,2,0,4,14169,-102,1
27254136,false,1,1735,0,0,0,0,4,5991,2,0,4,14169,-102,1
27264137,false,1,1740,0,0,0,0,4,5991,2,0,4,14169,-102,0
27274133,false,1,1752,0,0,0,0,4,5991,2,0,4,14169,-102,0
27284137,false,1,1763,0,0,0,0,4,5991,3,0,4,14169,-102,0
27294132,false,1,1771,0,0,0,0,4,5991,3,0,4,14169,-96,2
27304132,false,1,1780,0,0,0,0,4,5991,3,0,4,14169,-96,2
27314132,false,1,1788,0,0,0,0,4,5991,3,0,4,14169,-96,1
27324135,false,1,1796,0,0,0,0,4,5991,3,0,4,14169,-96,1
27334135,false,1,1799,0,0,0,0,4,5991,3,0,4,14169,-96,1
27344136,false,1,1803,0,0,0,0,4,5991,3,0,4,14169,-96,1
27354136,false,1,1806,0,0,0,0,4,5991,3,0,4,14169,-96,0
27364137,false,1,1809,0,0,0,0,4,5991,3,0,4,14169,-96,0
27374135,false,1,1812,0,0,0,0,4,5991,4,0,4,14169,-96,0
27384138,false,1,1819,0,0,0,0,4,5991,4,0,4,14169,-95,0
27394132,false,1,1829,0,0,0,0,4,5991,4,0,4,14169,-95,0
27404132,false,1,1835,0,0,0,0,4,5991,4,0,4,14169,-95,0
27414134,false,1,1850,0,0,0,0,4,5991,4,0,4,14169,-95,0
27424135,false,1,1858,0,0,0,0,4,5991,4,0,4,14169,-95,0
27434136,false,1,1869,0,0,0,0,4,5991,4,0,4,14169,-95,0
27444137,false,1,1874,0,0,0,0,4,5991,4,0,4,14169,-95,0
27454132,false,1,1878,0,0,0,0,4,5991,4,0,4,14169,-95,0
27464135,false,1,1870,0,0,0,0,4,5991,4,0,4,14169,-95,0
27474138,false,1,1860,0,0,0,0,4,5991,4,0,4,14169,-95,0
27484132,false,1,1852,0,0,0,0,4,5991,4,0,4,14169,-95,0
27494134,false,1,1837,0,0,0,0,4,5991,4,0,4,14169,-95,0
27504134,false,1,1832,0,0,0,0,4,5991,4,0,4,14169,-95,0
27514134,false,1,1821,0,0,0,0,4,5991,4,0,4,14169,-95,0
27524135,false,1,1812,0,0,0,0,4,5991,4,0,4,14169,-95,0
27534136,false,1,1801,0,0,0,0,4,5991,4,0,4,14169,-95,0
27544137,false,1,1796,0,0,0,0,4,5991,4,0,4,14169,-95,0
27554132,false,1,1782,0,0,0,0,4,5991,4,0,4,14169,-95,0
27564137,false,1,1774,0,0,0,0,4,5991,4,0,4,14169,-95,0
27574138,false,1,1764,0,0,0,0,4,5991,4,0,4,14169,-95,0
27584132,false,1,1758,0,0,0,0,4,5991,4,0,4,14169,-95,0
27594133,false,1,1765,0,0,0,0,4,5991,4,0,4,14169,-95,0
27604135,false,1,1789,0,0,0,0,4,5991,4,0,4,14169,-95,0
27614136,false,1,1801,0,0,0,0,4,5991,4,0,4,14169,-95,0
27624137,false,1,1812,0,0,0,0,4,5991,4,0,4,14169,-95,0
27634137,false,1,1823,0,0,0,0,4,5991,4,0,4,14169,-95,0
27644133,false,1,1849,0,0,0,0,4,5991,4,0,4,14169,-95,0
27654133,false,1,1876,0,0,0,0,4,5991,5,0,4,14168,-95,0
27664134,false,1,1903,0,0,0,0,4,5991,5,0,4,14168,-95,0
27674136,false,1,1959,0,0,0,0,4,5991,5,0,4,14168,-95,0
27684137,false,1,1989,0,0,0,0,4,5991,5,0,4,14168,-95,0
27694139,false,1,2056,0,0,0,0,4,5991,5,0,4,14168,-95,0
27704133,false,1,2093,0,0,0,0,4,5991,5,0,4,14168,-95,0
27714135,false,1,2151,0,0,0,0,4,5991,5,0,4,14168,-95,0
27724137,false,1,2180,0,0,0,0,4,5991,5,0,4,14167,-95,0
27734132,false,1,2250,0,0,0,0,4,5991,5,0,4,14167,-95,0
27744138,false,1,2283,0,0,0,0,4,5991,5,0,4,14167,-95,0
27754133,false,1,2356,0,0,0,0,4,5991,5,0,4,14167,-95,0
27764136,false,1,2408,0,0,0,0,4,5991,5,0,4,14167,-95,0
27774136,false,1,2434,0,0,0,0,4,5991,5,0,4,14167,-95,0
27784138,false,1,2489,0,0,0,0,4,5991,5,0,4,14167,-95,0
27794134,false,1,2553,0,0,0,0,4,5991,5,0,4,14167,-95,0
27804136,false,1,2608,0,0,0,0,4,5991,5,0,4,14167,-95,0
27814137,false,1,2629,0,0,0,0,4,5991,5,0,4,14167,-95,0
27824132,false,1,2678,0,0,0,0,4,5991,5,0,4,14167,-95,0
27834133,false,1,2731,0,0,0,0,4,5992,4,0,4,14167,-95,0
27844136,false,1,2790,0,0,0,0,4,5992,4,0,4,14167,-95,0
27854137,false,1,2824,0,0,0,0,4,5992,4,0,4,14167,-95,0
27864134,false,1,2871,0,0,0,0,4,5992,4,0,4,14166,-95,0
27874136,false,1,2924,0,0,0,0,4,5992,4,0,4,14166,-95,0
27884138,false,1,2973,0,0,0,0,4,5992,4,0,4,14166,-95,0
27894136,true,2,3001,50,49,0,0,4,5992,4,100,4,14166,-95,0
27904134,true,2,3039,47,46,1,0,4,6018,4,100,4,14166,-95,0
27914134,true,2,3076,44,42,1,0,4,6096,4,100,4,14166,-95,0
27924136,true,2,3117,40,38,2,0,4,6203,4,100,4,14166,-95,0
27934133,true,2,3150,37,35,2,0,4,6326,3,100,4,14166,-95,0
27944136,true,2,3174,35,32,2,0,4,6460,3,100,4,14166,-95,0
27954138,true,2,3211,32,28,3,0,4,6601,3,100,4,14166,-95,0
27964140,true,2,3225,31,27,3,0,4,6746,3,100,4,14166,-95,0
27974138,true,2,3255,28,24,3,0,4,6894,3,100,4,14166,-95,0
27984137,true,2,3293,24,20,3,0,4,7043,3,100,4,14166,-95,0
27994139,true,2,3317,22,18,4,0,4,7195,3,100,4,14166,-95,0
28004135,true,2,3324,21,17,4,0,4,7347,3,100,4,14166,-95,0
28014140,true,2,3336,20,16,4,0,4,7500,3,100,4,14166,-95,0
28024138,true,2,3345,20,15,4,0,4,7653,2,100,4,14166,-95,0
28034136,true,2,3368,17,13,4,0,4,7806,2,100,4,14166,-95,0
28044135,true,2,3378,17,12,4,0,4,7960,2,100,4,14166,-95,0
28054140,true,2,3388,16,11,5,0,4,8115,2,100,4,14166,-95,0
28064140,true,2,3419,13,8,5,0,4,8271,2,100,4,14166,-95,0
28074135,true,2,3435,11,6,5,0,4,8427,2,100,4,14166,-95,0
28084136,true,2,3452,9,4,5,0,4,8583,2,100,4,14166,-95,0
28094138,true,2,3460,9,4,5,0,4,8740,2,100,4,14166,-95,0
28104136,true,2,3467,8,3,5,0,4,8897,2,100,4,14166,-94,0
28114139,true,2,3484,6,1,5,0,4,9054,2,100,4,14166,-94,0
28124138,true,2,3498,5,0,5,0,4,9211,2,100,4,14165,-94,0
28134139,true,2,3529,2,-2,5,0,4,9368,2,100,4,14165,-94,0
28144139,true,2,3536,1,-3,5,0,4,9525,2,100,4,14165,-94,0
28154140,true,2,3545,0,-4,5,0,4,9683,2,100,4,14165,-94,0
28164136,true,2,3560,0,-6,5,0,4,9840,2,100,4,14165,-94,0
28174139,true,2,3575,0,-7,5,0,4,9998,2,100,4,14165,-94,0
28184138,true,2,3588,0,-8,5,0,4,10156,2,100,4,14165,-94,0
28194140,true,2,3603,0,-10,5,0,4,10313,2,100,4,14165,-93,0
28204138,true,2,3614,0,-11,5,0,4,10471,3,100,4,14165,-93,0
28214134,true,2,3618,0,-11,5,0,4,10627,3,100,4,14165,-93,0
28224135,true,2,3634,0,-13,5,0,4,10784,3,100,4,14165,-93,0
28234138,true,2,3652,0,-15,5,0,4,10941,3,100,4,14165,-93,0
28244140,true,2,3650,0,-15,5,0,4,11097,3,100,4,14165,-93,0
28254138,true,2,3668,0,-16,5,0,4,11254,3,100,4,14164,-93,0
28264139,true,2,3661,0,-16,5,0,4,11410,3,100,4,14164,-93,0
28274136,true,2,3675,0,-17,5,0,4,11567,3,100,4,14164,-93,0
28284140,true,2,3686,0,-18,5,0,4,11723,3,100,4,14164,-93,0
28294135,true,2,3696,0,-19,5,0,4,11880,3,100,4,14164,-93,0
28304135,true,2,3719,0,-21,5,0,4,12038,4,100,4,14164,-93,0
28314137,true,2,3719,0,-21,5,0,4,12195,4,100,4,14164,-93,0
28324139,true,2,3715,0,-21,5,0,4,12352,4,100,4,14164,-93,0
28334133,true,2,3748,0,-24,5,0,4,12509,4,100,4,14164,-93,0
28344136,true,2,3748,0,-24,5,0,4,12666,4,100,4,14164,-93,0
28354137,true,2,3747,0,-24,5,0,4,12823,4,100,4,14164,-93,0
28364134,true,2,3738,0,-23,5,0,4,12980,4,100,4,14164,-93,0
28374146,true,2,3754,0,-25,5,0,4,13137,4,100,4,14164,-93,0
28384136,true,2,3752,0,-25,5,0,4,13294,4,100,4,14164,-93,0
28394133,true,2,3760,0,-26,5,0,4,13451,5,100,4,14164,-93,0
28404136,true,2,3757,0,-25,5,0,4,13609,5,100,4,14164,-93,0
28414139,true,2,3767,0,-26,5,0,4,13766,5,100,4,14164,-93,0
28424135,true,2,3759,0,-25,5,0,4,13924,5,100,4,14164,-93,0
28434138,true,2,3781,0,-28,5,0,4,14081,5,100,4,14164,-93,0
28444136,true,2,3776,0,-27,5,0,4,14238,5,100,4,14163,-93,0
28454140,true,2,3799,0,-29,5,0,4,14395,5,100,4,14163,-93,0
28464133,true,2,3783,0,-28,5,0,4,14551,5,100,4,14163,-93,0
28474137,true,2,3796,0,-29,5,0,4,14704,5,100,4,14163,-92,0
28484134,true,2,3792,0,-29,5,0,4,14860,5,100,4,14163,-92,0
28494137,true,2,3800,0,-30,5,0,4,15017,5,100,4,14163,-92,0
28504138,true,2,3788,0,-28,5,0,4,15173,5,100,4,14163,-92,0
28514139,true,2,3800,0,-30,5,0,4,15330,5,100,4,14163,-92,0
28524134,true,2,3805,0,-30,5,0,4,15486,5,100,4,14163,-92,0
28534139,true,2,3806,0,-30,5,0,4,15644,5,100,4,14163,-92,0
28544135,true,2,3783,0,-28,5,0,4,15801,5,100,4,14163,-92,0
28554138,true,2,3793,0,-29,5,0,4,15958,5,100,4,14163,-92,0
28564136,true,2,3795,0,-29,5,0,4,16116,5,100,4,14163,-92,0
28574133,true,2,3799,0,-29,5,0,4,16273,4,100,4,14163,-92,0
28584136,true,2,3796,0,-29,5,0,4,16431,4,100,4,14163,-92,0
28594139,true,2,3786,0,-28,5,0,4,16588,4,100,4,14163,-92,0
28604135,true,2,3788,0,-28,5,0,4,16745,4,100,4,14163,-92,0
28614135,true,2,3769,0,-26,5,0,4,16901,4,100,4,14163,-92,0
28624138,true,2,3779,0,-27,5,0,4,17058,4,100,4,14163,-92,0
28634138,true,2,3784,0,-28,5,0,4,17215,4,100,4,14163,-92,0
28644137,true,2,3796,0,-29,5,0,4,17372,4,100,4,14162,-92,0
28654139,true,2,3788,0,-28,5,0,4,17529,4,100,4,14162,-92,0
28664137,true,2,3788,0,-28,5,0,4,17686,4,100,4,14162,-92,0
28674139,true,2,3789,0,-28,5,0,4,17839,4,100,4,14162,-92,0
28684135,true,2,3769,0,-26,5,0,4,17995,4,100,4,14162,-92,0
28694135,true,2,3774,0,-27,5,0,4,18151,4,100,4,14162,-92,0
28704137,true,2,3769,0,-26,5,0,4,18307,4,100,4,14162,-92,0
28714135,true,2,3754,0,-25,5,0,4,18463,4,100,4,14162,-92,0
28724137,true,2,3760,0,-26,5,0,4,18619,4,100,4,14162,-92,0
28734132,true,2,3754,0,-25,5,0,4,18775,4,100,4,14162,-92,0
28744135,true,2,3776,0,-27,5,0,4,18931,4,100,4,14162,-92,0
28754134,true,2,3764,0,-26,5,0,4,19088,4,100,4,14162,-92,0
28764140,true,2,3757,0,-25,5,0,4,19244,5,100,4,14162,-92,0
28774140,true,2,3757,0,-25,5,0,4,19400,5,100,4,14162,-92,0
28784135,true,2,3755,0,-25,5,0,4,19556,5,100,4,14162,-92,0
28794135,true,2,3764,0,-26,5,0,4,19712,5,100,4,14162,-92,0
28804138,true,2,3769,0,-26,5,0,4,19868,5,100,4,14162,-92,0
28814140,true,2,3771,0,-27,5,0,4,20024,5,100,4,14162,-92,0
28824134,true,2,3774,0,-27,5,0,4,20180,5,100,4,14162,-92,0
28834136,true,2,3776,0,-27,5,0,4,20336,5,100,4,14162,-92,0
28844137,true,2,3777,0,-27,5,0,4,20491,5,100,4,14162,-92,0
28854139,true,2,3777,0,-27,5,0,4,20647,7,100,4,14162,-92,0
28864139,true,2,3769,0,-26,5,0,4,20802,7,100,4,14162,-92,0
28874139,true,2,3774,0,-27,5,0,4,20957,7,100,4,14162,-92,0
28884133,true,2,3781,0,-28,5,0,4,21112,7,100,4,14162,-92,0
28894137,true,2,3784,0,-28,5,0,4,21267,7,100,4,14162,-92,0
28904136,true,2,3785,0,-28,5,0,4,21422,7,100,4,14162,-92,0
28914135,true,2,3793,0,-29,5,0,4,21577,7,100,4,14162,-92,0
28924136,true,2,3783,0,-28,5,0,4,21731,7,100,4,14162,-92,0
28934135,true,2,3791,0,-29,5,0,4,21885,7,100,4,14162,-92,0
28944136,true,2,3793,0,-29,5,0,4,22039,8,100,4,14162,-92,0
28954135,true,2,3805,0,-30,5,0,4,22193,8,100,4,14162,-92,0
28964139,true,2,3793,0,-29,5,0,4,22347,8,100,4,14162,-92,0
28974137,true,2,3801,0,-30,5,0,4,22501,8,100,4,14162,-92,0
28984135,true,2,3808,0,-30,5,0,4,22654,8,100,4,14162,-92,0
28994133,true,2,3803,0,-30,5,0,4,22808,8,100,4,14162,-92,0
29004137,true,2,3791,0,-29,5,0,4,22961,8,100,4,14162,-92,0
29014138,true,2,3793,0,-29,5,0,4,23114,8,100,4,14162,-92,0
29024134,true,2,3786,0,-28,5,0,4,23267,8,100,4,14162,-92,0
29034137,true,2,3795,0,-29,5,0,4,23418,8,100,4,14162,-92,0
29044136,true,2,3788,0,-28,5,0,4,23570,10,100,4,14162,-92,0
29054139,true,2,3790,0,-29,5,0,4,23722,10,100,4,14162,-92,0
29064140,true,2,3769,0,-26,5,0,4,23873,10,100,4,14162,-92,0
29074135,true,2,3778,0,-27,5,0,4,24025,10,100,4,14162,-92,0
29084137,true,2,3774,0,-27,5,0,4,24176,10,100,4,14161,-92,0
29094137,true,2,3764,0,-26,5,0,4,24326,10,100,4,14161,-92,0
29104137,true,2,3760,0,-26,5,0,4,24477,10,100,4,14161,-92,0
29114139,true,2,3757,0,-25,5,0,4,24627,10,100,4,14161,-92,0
29124134,true,2,3757,0,-25,5,0,4,24777,10,100,4,14161,-92,0
29134137,true,2,3762,0,-26,5,0,4,24927,14,100,4,14161,-92,0
29144139,true,2,3759,0,-25,5,0,4,25076,14,100,4,14161,-92,0
29154137,true,2,3761,0,-26,5,0,4,25224,14,100,4,14161,-92,0
29164136,true,2,3754,0,-25,5,0,4,25372,14,100,4,14161,-92,0
29174136,true,2,3759,0,-25,5,0,4,25520,14,100,4,14161,-92,0
29184135,true,2,3755,0,-25,5,0,4,25668,14,100,4,14161,-92,0
29194137,true,2,3752,0,-25,5,0,4,25815,14,100,4,14161,-92,0
29204134,true,2,3748,0,-24,5,0,4,25962,14,100,4,14161,-92,0
29214135,true,2,3750,0,-25,5,0,4,26108,14,100,4,14161,-92,0
29224139,true,2,3746,0,-24,5,0,4,26254,17,100,4,14161,-92,0
29234135,true,2,3745,0,-24,5,0,4,26400,17,100,4,14161,-92,0
29244135,true,2,3742,0,-24,5,0,4,26544,17,100,4,14161,-92,0
29254134,true,2,3739,0,-23,5,0,4,26689,17,100,4,14161,-92,0
29264132,true,2,3738,0,-23,5,0,4,26833,17,100,4,14161,-92,0
29274137,true,2,3726,0,-22,5,0,4,26977,17,100,4,14161,-92,0
29284133,true,2,3724,0,-22,5,0,4,27119,17,100,4,14161,-92,0
29294137,true,2,3713,0,-21,5,0,4,27261,17,100,4,14161,-92,0
29304137,true,2,3712,0,-21,5,0,4,27403,17,100,4,14161,-92,0
29314136,true,2,3703,0,-20,5,0,4,27544,21,100,4,14161,-92,0
29324138,true,2,3703,0,-20,5,0,4,27685,21,100,4,14161,-92,0
29334140,true,2,3698,0,-19,5,0,4,27824,21,100,4,14161,-92,0
29344136,true,2,3691,0,-19,5,0,4,27962,21,100,4,14161,-92,0
29354137,true,2,3686,0,-18,5,0,4,28101,21,100,4,14161,-92,0
29364136,true,2,3679,0,-17,5,0,4,28240,21,100,4,14161,-92,0
29374136,true,2,3668,0,-16,5,0,4,28377,21,100,4,14161,-92,0
29384138,true,2,3652,0,-15,5,0,4,28514,21,100,4,14161,-92,0
29394135,true,2,3654,0,-15,5,0,4,28649,21,100,4,14161,-92,0
29404137,true,2,3648,0,-14,5,0,4,28783,21,100,4,14161,-92,0
29414134,true,2,3639,0,-13,5,0,4,28917,28,100,4,14161,-92,0
29424137,true,2,3629,0,-12,5,0,4,29049,28,100,4,14160,-92,0
29434133,true,2,3620,0,-12,5,0,4,29179,28,100,4,14160,-92,0
29444140,true,2,3601,0,-10,5,0,4,29308,28,100,4,14160,-92,0
29454139,true,2,3558,0,-5,5,0,4,29434,28,100,4,14160,-92,0
29464134,true,2,3530,2,-3,5,0,4,29558,28,100,4,14160,-92,0
29474135,true,2,3481,6,1,5,0,4,29679,28,100,4,14160,-92,0
29484136,true,2,3418,13,8,5,0,4,29796,28,100,4,14160,-92,0
29494136,true,2,3322,23,17,5,0,4,29910,28,-12,4,14160,-92,0
29504135,true,2,3250,30,25,5,0,4,29968,43,-100,4,14160,-92,0
29514140,true,2,3172,38,32,5,0,4,29929,43,-100,4,14159,-92,22
29524139,true,2,3087,47,41,6,0,4,29817,43,-100,4,14169,-92,26
29534138,true,2,3012,55,48,6,0,4,29686,43,-100,4,14195,-92,29
29544135,false,1,2937,55,48,6,0,4,29547,43,-100,4,14233,-92,0
29554138,false,1,2895,55,48,6,0,4,29401,43,-100,4,14266,-92,0
29564132,false,1,2820,55,48,6,0,4,29251,43,-100,4,14283,-92,0
29574133,false,1,2746,55,48,6,0,4,29097,43,-100,4,14284,-92,0
29584139,false,1,2684,55,48,6,0,4,28941,43,-100,4,14280,-92,0
29594137,false,1,2648,55,48,6,0,4,28784,72,-100,4,14275,-92,0
29604133,false,1,2581,55,48,6,0,4,28626,72,-100,4,14271,-92,0
29614139,false,1,2539,55,48,6,0,4,28467,72,-100,4,14267,-92,0
29624133,false,1,2468,55,48,6,0,4,28308,72,-100,4,14264,-92,0
29634134,false,1,2397,55,48,6,0,4,28147,72,-100,4,14262,-92,0
29644137,false,1,2359,55,48,6,0,4,27987,72,-100,4,14260,-92,0
29654134,false,1,2296,55,48,6,0,4,27827,72,-100,4,14259,-97,0
29664137,false,1,2260,55,48,6,0,4,27666,72,-100,4,14258,-97,0
29674140,false,1,2216,55,48,6,0,4,27506,72,-100,4,14258,-97,0
29684134,false,1,2143,55,48,6,0,4,27345,90,-100,4,14258,-97,0
29694137,false,1,2108,55,48,6,0,4,27185,90,-100,4,14258,-97,0
29704140,false,1,2076,55,48,6,0,4,27025,90,-100,4,14258,-97,0
29714135,false,1,2002,55,48,6,0,4,26867,90,-100,4,14258,-97,0
29724134,false,1,1965,55,48,6,0,4,26709,90,-100,4,14258,-97,0
29734138,false,1,1931,55,48,6,0,4,26552,90,-100,4,14258,-97,0
29744136,false,1,1900,55,48,6,0,4,26395,90,-100,4,14258,-105,0
29754134,false,1,1865,55,48,6,0,4,26239,90,-100,4,14258,-105,0
29764139,false,1,1829,55,48,6,0,4,26085,90,-100,4,14258,-105,0
29774140,false,1,1746,55,48,6,0,4,25932,90,-100,4,14258,-105,0
29784139,false,1,1700,55,48,6,0,4,25781,36,-100,4,14258,-105,0
29794134,false,1,1700,55,48,6,0,4,25629,36,-100,4,14258,-105,0
29804135,false,1,1654,55,48,6,0,4,25476,36,-100,4,14258,-105,0
29814136,false,1,1601,55,48,6,0,4,25323,36,-100,4,14258,-105,0
29824133,false,1,1588,55,48,6,0,4,25168,36,-100,4,14258,-105,0
29834135,false,1,1577,55,48,6,0,4,25016,36,-100,4,14258,-95,0
29844136,false,1,1569,55,48,6,0,4,24861,36,-100,4,14258,-95,0
29854140,false,1,1568,55,48,6,0,4,24706,36,-100,4,14258,-95,0
29864136,false,1,1570,55,48,6,0,4,24551,36,-100,4,14258,-95,0
29874140,false,1,1575,55,48,6,0,4,24396,0,-100,4,14258,-95,0
29884133,false,1,1574,55,48,6,0,4,24242,0,-100,4,14258,-95,0
29894132,false,1,1574,55,48,6,0,4,24087,0,-100,4,14258,-95,0
29904138,false,1,1576,55,48,6,0,4,23931,0,-100,4,14258,-95,0
29914135,false,1,1579,55,48,6,0,4,23776,0,-100,4,14258,-95,0
29924139,false,1,1584,55,48,6,0,4,23621,0,-100,4,14258,-76,5
29934138,false,1,1588,55,48,6,0,4,23467,0,-100,4,14260,-76,5
29944135,false,1,1594,55,48,6,0,4,23313,0,-100,4,14267,-76,5
29954136,false,1,1602,55,48,6,0,4,23160,0,-100,4,14277,-76,5
29964138,false,1,1624,55,48,6,0,4,23006,-4,-100,4,14287,-76,4
29974133,false,1,1636,55,48,6,0,4,22851,-4,-100,4,14297,-76,4
29984134,false,1,1648,55,48,6,0,4,22695,-4,-100,4,14306,-76,4
29994134,false,1,1662,55,48,6,0,4,22539,-4,-100,4,14313,-76,4
30004135,false,1,1679,55,48,6,0,4,22383,-4,-100,4,14319,-76,4
30014134,false,1,1696,55,48,6,0,4,22228,-4,-100,4,14323,-50,13
30024139,false,1,1715,55,48,6,0,4,22073,-4,-100,4,14331,-50,13
30034134,false,1,1754,55,48,6,0,4,21918,-4,-100,4,14345,-50,13
30044135,false,1,1771,55,48,6,0,4,21762,-4,-100,4,14365,-50,13
30054139,false,1,1791,55,48,6,0,4,21607,0,-100,4,14389,-50,13
30064140,false,1,1832,55,48,6,0,4,21451,0,-100,4,14417,-50,13
30074136,false,1,1853,55,48,6,0,4,21295,0,-100,4,14449,-50,13
30084140,false,1,1877,55,48,6,0,4,21139,0,-100,4,14483,-50,13
30094138,false,1,1905,55,48,6,0,4,20984,0,-100,4,14520,-50,13
30104135,false,1,1947,55,48,6,0,4,20827,0,-100,4,14560,-36,17
30114135,false,1,1969,55,48,6,0,4,20670,0,-100,4,14603,-36,17
30124135,false,1,2013,55,48,6,0,4,20513,0,-100,4,14647,-36,17
30134136,false,1,2036,55,48,6,0,4,20355,0,-100,4,14693,-36,17
30144138,false,1,2066,55,48,6,0,4,20197,0,-100,4,14740,-36,17
30154135,false,1,2107,55,48,6,0,4,20038,-1,-100,4,14787,-36,17
30164140,false,1,2122,55,48,6,0,4,19879,-1,-100,4,14836,-36,17
30174135,false,1,2162,55,48,6,0,4,19720,-1,-100,4,14885,-36,17
30184136,false,1,2178,55,48,6,0,4,19561,-1,-100,4,14936,-36,17
30194136,false,1,2223,55,48,6,0,4,19402,-1,-100,4,14987,-31,19
30204139,false,1,2246,55,48,6,0,4,19243,-1,-100,4,15039,-31,19
30214140,false,1,2286,55,48,6,0,4,19083,-1,-100,4,15093,-31,19
30224132,false,1,2323,55,48,6,0,4,18924,-1,-100,4,15147,-31,19
30234134,false,1,2348,55,48,6,0,4,18764,-1,-100,4,15203,-31,19
30244136,false,1,2391,55,48,6,0,4,18609,-2,-100,4,15259,-31,19
30254135,false,1,2432,55,48,6,0,4,18449,-2,-100,4,15316,-31,19
30264135,false,1,2448,55,48,6,0,4,18290,-2,-100,4,15373,-31,19
30274138,false,1,2488,55,48,6,0,4,18132,-2,-100,4,15431,-31,19
30284139,false,1,2527,55,48,6,0,4,17973,-2,-100,4,15489,-29,20
30294135,false,1,2550,55,48,6,0,4,17815,-2,-100,4,15547,-29,20
30304135,false,1,2585,55,48,6,0,4,17656,-2,-100,4,15606,-29,20
30314139,false,1,2617,55,48,6,0,4,17497,-2,-100,4,15666,-29,20
30324138,false,1,2649,55,48,6,0,4,17338,-2,-100,4,15726,-29,20
30334137,false,1,2683,55,48,6,0,4,17179,0,-100,4,15785,-29,20
30344139,false,1,2717,55,48,6,0,4,17020,0,-100,4,15845,-29,20
30354135,false,1,2734,55,48,6,0,4,16861,0,-100,4,15905,-29,20
30364139,false,1,2767,55,48,6,0,4,16703,0,-100,4,15966,-29,20
30374134,false,1,2807,55,48,6,0,4,16545,0,-100,4,16025,-31,19
30384133,false,1,2844,55,48,6,0,4,16387,0,-100,4,16085,-31,19
30394139,false,1,2878,55,48,6,0,4,16230,0,-100,4,16145,-31,19
30404135,false,1,2911,55,48,6,0,4,16072,0,-100,4,16205,-31,19
30414138,false,1,2947,55,48,6,0,4,15915,0,-100,4,16265,-31,19
30424137,false,1,2989,55,48,6,0,4,15757,1,-100,4,16326,-31,19
30434136,true,2,3026,55,47,7,0,4,15601,1,30,4,16387,-31,19
30444134,true,2,3071,51,42,8,0,4,15496,1,67,4,16448,-31,19
30454138,true,2,3117,46,38,8,0,4,15473,1,100,4,16509,-31,19
30464141,true,2,3174,41,32,8,0,4,15519,1,100,4,16570,-30,19
30474136,true,2,3207,38,29,9,0,4,15604,1,100,4,16631,-30,19
30484137,true,2,3241,35,25,9,0,4,15711,1,100,4,16692,-30,19
30494138,true,2,3280,31,22,9,0,4,15831,1,100,4,16754,-30,19
30504137,true,2,3315,28,18,9,0,4,15960,1,100,4,16815,-30,19
30514137,true,2,3363,23,13,9,0,4,16095,1,100,4,16876,-30,19
30524142,true,2,3397,20,10,10,0,4,16235,3,100,4,16938,-30,19
30534137,true,2,3431,17,6,10,0,4,16378,3,100,4,16999,-30,19
30544136,true,2,3480,12,2,10,0,4,16522,3,100,4,17060,-30,19
30554139,true,2,3509,9,0,10,0,4,16668,3,100,4,17120,-31,19
30564137,true,2,3543,5,-4,10,0,4,16816,3,100,4,17181,-31,19
30574139,true,2,3584,1,-8,10,0,4,16964,3,100,4,17242,-31,19
30584141,true,2,3610,0,-11,9,0,4,17112,3,100,4,17303,-31,19
30594142,true,2,3654,0,-15,9,0,4,17260,3,100,4,17364,-31,19
30604140,true,2,3679,0,-17,9,0,4,17407,3,100,4,17424,-31,19
30614139,true,2,3712,0,-21,9,0,4,17555,6,100,4,17483,-31,19
30624137,true,2,3735,0,-23,9,0,4,17701,6,100,4,17542,-31,19
30634140,true,2,3761,0,-26,9,0,4,17848,6,100,4,17599,-31,19
30644138,true,2,3780,0,-28,9,0,4,17993,6,100,4,17656,-29,19
30654139,true,2,3789,0,-28,9,0,4,18139,6,100,4,17712,-29,19
30664133,true,2,3798,0,-29,9,0,4,18284,6,100,4,17766,-29,19
30674138,true,2,3800,0,-30,9,0,4,18429,6,100,4,17820,-29,19
30684135,true,2,3796,0,-29,9,0,4,18574,6,100,4,17872,-29,19
30694135,true,2,3796,0,-29,9,0,4,18719,6,100,4,17924,-29,19
30704140,true,2,3777,0,-27,9,0,4,18864,12,100,4,17975,-29,19
30714140,true,2,3750,0,-25,9,0,4,19010,12,100,4,18025,-29,19
30724135,true,2,3731,0,-23,9,0,4,19156,12,100,4,18074,-29,19
30734138,true,2,3705,0,-20,9,0,4,19303,12,100,4,18123,-32,18
30744137,true,2,3689,0,-18,9,0,4,19449,12,100,4,18171,-32,18
30754140,true,2,3664,0,-16,9,0,4,19595,12,100,4,18218,-32,18
30764139,true,2,3657,0,-15,9,0,4,19741,12,100,4,18264,-32,18
30774142,true,2,3672,0,-17,9,0,4,19886,12,100,4,18310,-32,18
30784139,true,2,3672,0,-17,9,0,4,20029,12,100,4,18355,-32,18
30794137,true,2,3682,0,-18,9,0,4,20174,20,100,4,18399,-32,18
30804139,true,2,3694,0,-19,9,0,4,20317,20,100,4,18442,-32,18
30814134,true,2,3706,0,-20,9,0,4,20460,20,100,4,18484,-32,18
30824136,true,2,3714,0,-21,9,0,4,20603,20,100,4,18525,-32,18
30834141,true,2,3717,0,-21,9,0,4,20745,20,100,4,18564,-39,15
30844141,true,2,3719,0,-21,9,0,4,20887,20,100,4,18603,-39,15
30854136,true,2,3726,0,-22,9,0,4,21028,20,100,4,18642,-39,15
30864136,true,2,3724,0,-22,9,0,4,21169,20,100,4,18679,-39,15
30874141,true,2,3724,0,-22,9,0,4,21309,20,100,4,18716,-39,15
30884135,true,2,3721,0,-22,9,0,4,21449,20,100,4,18752,-39,15
30894138,true,2,3723,0,-22,9,0,4,21590,27,100,4,18788,-39,15
30904135,true,2,3727,0,-22,9,0,4,21729,27,100,4,18823,-39,15
30914135,true,2,3730,0,-23,9,0,4,21869,27,100,4,18857,-39,15
30924140,true,2,3726,0,-22,9,0,4,22008,27,100,4,18890,-42,14
30934135,true,2,3724,0,-22,9,0,4,22146,27,100,4,18921,-42,14
30944140,true,2,3714,0,-21,9,0,4,22283,27,100,4,18951,-42,14
30954135,true,2,3714,0,-21,9,0,4,22420,27,100,4,18980,-42,14
30964139,true,2,3705,0,-20,9,0,4,22557,27,100,4,19008,-42,14
30974136,true,2,3705,0,-20,9,0,4,22694,27,100,4,19035,-42,14
30984137,true,2,3698,0,-19,9,0,4,22830,32,100,4,19061,-42,14
30994139,true,2,3691,0,-19,9,0,4,22965,32,100,4,19086,-42,14
31004140,true,2,3674,0,-17,9,0,4,23099,32,100,4,19110,-42,13
31014135,true,2,3662,0,-16,9,0,4,23231,32,100,4,19132,-46,12
31024138,true,2,3654,0,-15,9,0,4,23363,32,100,4,19154,-46,12
31034139,true,2,3637,0,-13,9,0,4,23494,32,100,4,19173,-46,12
31044135,true,2,3629,0,-12,9,0,4,23623,32,100,4,19191,-46,12
31054141,true,2,3610,0,-11,9,0,4,23751,32,100,4,19208,-46,12
31064140,true,2,3608,0,-10,9,0,4,23879,32,100,4,19224,-46,12
31074141,true,2,3596,0,-9,9,0,4,24005,42,100,4,19238,-46,12
31084140,true,2,3579,1,-7,9,0,4,24130,42,100,4,19251,-46,12
31094135,true,2,3572,2,-7,9,0,4,24254,42,100,4,19262,-46,11
31104136,true,2,3564,3,-6,9,0,4,24381,42,100,4,19274,-58,7
31114138,true,2,3553,4,-5,9,0,4,24509,42,100,4,19283,-58,7
31124134,true,2,3544,5,-4,9,0,4,24635,42,100,4,19288,-58,7
31134134,true,2,3517,7,-1,9,0,4,24760,42,100,4,19289,-58,7
31144138,true,2,3489,10,1,9,0,4,24884,42,100,4,19290,-58,7
31154135,true,2,3469,12,3,9,0,4,25005,42,100,4,19290,-58,6
31164141,true,2,3455,14,4,9,0,4,25126,56,100,4,19291,-58,6
31174138,true,2,3431,16,6,9,0,4,25248,56,100,4,19294,-58,6
31184139,true,2,3411,18,8,9,0,4,25371,56,100,4,19299,-58,6
31194138,true,2,3393,20,10,9,0,4,25495,56,100,4,19302,-73,0
31204136,true,2,3376,22,12,9,0,4,25621,56,100,4,19301,-73,0
31214140,true,2,3357,24,14,10,0,4,25748,56,95,4,19298,-73,0
31224137,true,2,3325,27,17,10,0,4,25874,56,42,4,19295,-73,-17
31234139,true,2,3296,30,20,10,0,4,25998,56,-6,4,19283,-73,20
31244138,true,2,3251,35,24,10,0,4,26064,56,-76,4,19279,-73,22
31254136,true,2,3200,41,30,11,0,4,26036,56,-100,4,19302,-73,22
31264141,true,2,3145,46,35,11,0,4,25940,73,-100,4,19336,-73,26
31274137,true,2,3094,52,40,11,0,4,25814,73,-100,4,19376,-73,29
31284135,true,2,3051,57,44,12,0,4,25675,73,-100,4,19423,-84,27
31294140,true,2,3004,62,49,12,0,4,25530,73,-100,4,19475,-84,29
31304140,false,1,2957,62,49,12,0,4,25382,73,-100,4,19530,-84,0
31314136,false,1,2916,62,49,12,0,4,25230,73,-100,4,19576,-84,0
31324134,false,1,2877,62,49,12,0,4,25076,73,-100,4,19601,-84,0
31334137,false,1,2827,62,49,12,0,4,24920,73,-100,4,19608,-84,0
31344137,false,1,2803,62,49,12,0,4,24764,73,-100,4,19605,-84,0
31354134,false,1,2755,62,49,12,0,4,24607,82,-100,4,19600,-84,0
31364133,false,1,2714,62,49,12,0,4,24450,82,-100,4,19596,-84,0
31374138,false,1,2675,62,49,12,0,4,24292,82,-100,4,19593,-101,0
31384137,false,1,2663,62,49,12,0,4,24132,82,-100,4,19590,-101,0
31394134,false,1,2633,62,49,12,0,4,23973,82,-100,4,19588,-101,0
31404133,false,1,2614,62,49,12,0,4,23814,82,-100,4,19587,-101,0
31414137,false,1,2590,62,49,12,0,4,23655,82,-100,4,19586,-101,0
31424133,false,1,2574,62,49,12,0,4,23496,82,-100,4,19586,-101,0
31434136,false,1,2531,62,49,12,0,4,23336,82,-100,4,19586,-101,0
31444136,false,1,2507,62,49,12,0,4,23176,70,-100,4,19586,-101,0
31454139,false,1,2456,62,49,12,0,4,23016,70,-100,4,19586,-101,0
31464139,false,1,2413,62,49,12,0,4,22856,70,-100,4,19586,-127,0
31474133,false,1,2392,62,49,12,0,4,22696,70,-100,4,19586,-127,0
31484138,false,1,2355,62,49,12,0,4,22536,70,-100,4,19586,-127,0
31494139,false,1,2342,62,49,12,0,4,22376,70,-100,4,19586,-127,0
31504134,false,1,2334,62,49,12,0,4,22216,70,-100,4,19586,-127,0
31514134,false,1,2325,62,49,12,0,4,22057,70,-100,4,19586,-127,0
31524137,false,1,2312,62,49,12,0,4,21897,70,-100,4,19586,-127,0
31534137,false,1,2302,62,49,12,0,4,21737,30,-100,4,19586,-127,0
31544139,false,1,2270,62,49,12,0,4,21579,30,-100,4,19586,-127,0
31554138,false,1,2265,62,49,12,0,4,21420,30,-100,4,19586,-123,0
31564139,false,1,2244,62,49,12,0,4,21262,30,-100,4,19586,-123,0
31574139,false,1,2239,62,49,12,0,4,21105,30,-100,4,19586,-123,0
31584135,false,1,2230,62,49,12,0,4,20947,30,-100,4,19586,-123,0
31594136,false,1,2234,62,49,12,0,4,20788,30,-100,4,19586,-123,0
31604138,false,1,2245,62,49,12,0,4,20629,30,-100,4,19586,-123,0
31614139,false,1,2250,62,49,12,0,4,20470,30,-100,4,19586,-123,0
31624134,false,1,2260,62,49,12,0,4,20312,30,-100,4,19586,-123,0
31634134,false,1,2266,62,49,12,0,4,20153,4,-100,4,19586,-123,0
31644135,false,1,2277,62,49,12,0,4,19993,4,-100,4,19586,-97,0
31654136,false,1,2280,62,49,12,0,4,19833,4,-100,4,19586,-97,0
31664139,false,1,2291,62,49,12,0,4,19674,4,-100,4,19586,-97,0
31674136,false,1,2305,62,49,12,0,4,19514,4,-100,4,19586,-97,0
31684139,false,1,2314,62,49,12,0,4,19354,4,-100,4,19586,-97,0
31694136,false,1,2335,62,49,12,0,4,19194,4,-100,4,19586,-97,0
31704133,false,1,2350,62,49,12,0,4,19034,4,-100,4,19586,-97,0
31714136,false,1,2370,62,49,12,0,4,18874,4,-100,4,19586,-97,0
31724134,false,1,2397,62,49,12,0,4,18714,-5,-100,4,19585,-97,0
31734140,false,1,2413,62,49,12,0,4,18554,-5,-100,4,19585,-75,0
31744138,false,1,2446,62,49,12,0,4,18394,-5,-100,4,19585,-75,0
31754140,false,1,2477,62,49,12,0,4,18235,-5,-100,4,19585,-75,0
31764135,false,1,2496,62,49,12,0,4,18076,-5,-100,4,19585,-75,0
31774138,false,1,2529,62,49,12,0,4,17917,-5,-100,4,19585,-75,0
31784133,false,1,2563,62,49,12,0,4,17757,-5,-100,4,19585,-75,0
31794138,false,1,2603,62,49,12,0,4,17598,-5,-100,4,19585,-75,0
31804134,false,1,2619,62,49,12,0,4,17438,-5,-100,4,19585,-75,0
31814137,false,1,2645,62,49,12,0,4,17278,-4,-100,4,19585,-75,0
31824136,false,1,2673,62,49,12,0,4,17119,-4,-100,4,19585,-54,7
31834136,false,1,2705,62,49,12,0,4,16959,-4,-100,4,19588,-54,7
31844135,false,1,2734,62,49,12,0,4,16800,-4,-100,4,19597,-54,7
31854138,false,1,2761,62,49,12,0,4,16641,-4,-100,4,19608,-54,7
31864139,false,1,2778,62,49,12,0,4,16482,-4,-100,4,19623,-54,7
31874133,false,1,2808,62,49,12,0,4,16324,-4,-100,4,19639,-54,6
31884137,false,1,2841,62,49,12,0,4,16166,-4,-100,4,19658,-54,6
31894139,false,1,2877,62,49,12,0,4,16008,-4,-100,4,19677,-54,6
31904138,false,1,2905,62,49,12,0,4,15850,0,-100,4,19697,-54,6
31914135,false,1,2952,62,49,12,0,4,15691,0,-100,4,19717,-37,13
31924138,false,1,2986,62,49,12,0,4,15532,0,-100,4,19740,-37,13
31934136,true,2,3028,60,47,13,0,4,15375,0,-17,4,19767,-37,45
31944140,true,2,3066,57,43,14,0,4,15220,0,25,4,19820,-37,43
31954138,true,2,3126,51,37,14,0,4,15120,0,79,4,19901,-37,41
31964137,true,2,3157,49,34,14,0,4,15118,0,97,4,19995,-37,41
31974140,true,2,3191,46,30,15,0,4,15202,0,100,4,20096,-37,40
31984134,true,2,3226,42,27,15,0,4,15325,0,100,4,20205,-37,38
31994138,true,2,3260,39,24,15,0,4,15464,0,100,4,20320,-37,37
32004156,true,2,3311,36,20,15,0,4,15611,1,100,4,20440,-28,40
32014139,true,2,3341,31,15,16,0,4,15762,1,100,4,20563,-28,12
32024141,true,2,3371,29,12,16,0,4,15914,1,100,4,20684,-28,-16
32034134,true,2,3405,25,9,16,0,4,16066,1,100,4,20750,-28,-68
32044137,true,2,3445,21,5,16,0,4,16215,1,100,4,20731,-28,-127
32054137,true,2,3472,19,2,16,0,4,16358,1,100,4,20637,-28,-125
32064137,true,2,3504,15,0,16,0,4,16503,1,100,4,20508,-28,-153
32074138,true,2,3542,12,-4,16,0,4,16650,1,100,4,20365,-28,19
32084135,true,2,3563,9,-6,16,0,4,16799,1,100,4,20275,-28,19
32094134,true,2,3603,5,-10,16,0,4,16945,7,100,4,20254,-28,19
32104138,true,2,3632,2,-13,16,0,4,17092,7,100,4,20255,-30,-173
32114138,true,2,3670,0,-17,15,0,4,17236,7,100,4,20207,-30,-174
32124138,true,2,3687,0,-18,15,0,4,17377,7,100,4,20090,-30,-174
32134137,true,2,3714,0,-21,15,0,4,17522,7,100,4,19951,-30,-174
32144139,true,2,3745,0,-24,15,0,4,17670,7,100,4,19803,-30,-174
32154141,true,2,3763,0,-26,15,0,4,17820,7,100,4,19651,-30,-174
32164137,true,2,3776,0,-27,15,0,4,17973,7,100,4,19496,-30,-173
32174141,true,2,3777,0,-27,15,0,4,18126,7,100,4,19340,-30,-173
32184137,true,2,3786,0,-28,15,0,4,18275,19,100,4,19183,-30,-173
32194139,true,2,3789,0,-28,15,0,4,18429,19,100,4,19026,-31,-173
32204140,true,2,3779,0,-27,15,0,4,18582,19,100,4,18870,-31,-173
32214138,true,2,3759,0,-25,15,0,4,18735,19,100,4,18713,-31,-173
32224142,true,2,3751,0,-25,15,0,4,18889,19,100,4,18556,-31,-173
32234138,true,2,3749,0,-24,15,0,4,19043,19,100,4,18399,-31,-173
32244137,true,2,3740,0,-24,15,0,4,19196,19,100,4,18243,-31,-173
32254139,true,2,3743,0,-24,15,0,4,19350,19,100,4,18086,-31,-173
32264137,true,2,3731,0,-23,15,0,4,19504,19,100,4,17929,-31,-173
32274141,true,2,3727,0,-22,15,0,4,19659,27,100,4,17771,-31,-173
32284134,true,2,3717,0,-21,15,0,4,19809,27,100,4,17614,-14,-167
32294136,true,2,3710,0,-21,15,0,4,19964,27,100,4,17456,-14,-166
32304136,true,2,3718,0,-21,15,0,4,20119,27,100,4,17299,-14,-166
32314137,true,2,3722,0,-22,15,0,4,20273,27,100,4,17142,-14,-166
32324138,true,2,3727,0,-22,15,0,4,20429,27,100,4,16985,-14,26
32334135,true,2,3731,0,-23,15,0,4,20582,27,100,4,16887,-14,26
32344138,true,2,3733,0,-23,15,0,4,20734,27,100,4,16862,-14,-166
32354142,true,2,3736,0,-23,15,0,4,20883,27,100,4,16813,-14,-166
32364140,true,2,3736,0,-23,15,0,4,21028,27,100,4,16695,-14,-166
32374137,true,2,3734,0,-23,15,0,4,21174,30,100,4,16555,-4,-162
32384136,true,2,3728,0,-22,15,0,4,21324,30,100,4,16405,-4,-162
32394139,true,2,3734,0,-23,15,0,4,21476,30,100,4,16252,-4,-162
32404139,true,2,3742,0,-24,15,0,4,21629,30,100,4,16096,-4,30
32414136,true,2,3748,0,-24,15,0,4,21782,30,100,4,15998,-4,30
32424135,true,2,3749,0,-24,15,0,4,21934,30,100,4,15974,-4,-161
32434135,true,2,3740,0,-24,15,0,4,22081,30,100,4,15926,-4,-161
32444137,true,2,3728,0,-22,15,0,4,22224,30,100,4,15808,-4,-161
32454141,true,2,3728,0,-22,15,0,4,22371,30,100,4,15668,-4,-161
32464137,true,2,3728,0,-22,15,0,4,22519,30,100,4,15518,-5,-161
32474133,true,2,3726,0,-22,15,0,4,22670,30,100,4,15364,-5,-161
32484141,true,2,3731,0,-23,15,0,4,22824,30,100,4,15209,-5,-161
32494141,true,2,3739,0,-23,15,0,4,22977,30,100,4,15052,-5,-160
32504138,true,2,3743,0,-24,15,0,4,23131,30,100,4,14896,-5,-160
32514139,true,2,3745,0,-24,15,0,4,23285,30,100,4,14739,-5,-160
32524135,true,2,3747,0,-24,15,0,4,23439,30,100,4,14582,-5,-160
32534139,true,2,3747,0,-24,15,0,4,23592,30,100,4,14425,-5,-160
32544136,true,2,3742,0,-24,15,0,4,23746,30,100,4,14267,-5,-160
32554139,true,2,3747,0,-24,15,0,4,23900,26,100,4,14109,-7,-160
32564141,true,2,3751,0,-25,15,0,4,24054,26,100,4,13951,-7,-160
32574136,true,2,3757,0,-25,15,0,4,24208,26,100,4,13794,-7,-160
32584139,true,2,3757,0,-25,15,0,4,24363,26,100,4,13636,-7,-160
32594138,true,2,3753,0,-25,15,0,4,24518,26,100,4,13478,-7,32
32604140,true,2,3754,0,-25,15,0,4,24672,26,100,4,13381,-7,32
32614138,true,2,3752,0,-25,15,0,4,24825,26,100,4,13357,-7,32
32624135,true,2,3758,0,-25,15,0,4,24975,26,100,4,13357,-7,-159
32634135,true,2,3759,0,-25,15,0,4,25120,26,100,4,13308,-7,-159
32644141,true,2,3759,0,-25,15,0,4,25262,27,100,4,13191,-7,-159
32654139,true,2,3762,0,-26,15,0,4,25407,27,100,4,13051,-7,-159
32664139,true,2,3762,0,-26,15,0,4,25554,27,100,4,12902,-7,-159
32674141,true,2,3766,0,-26,15,0,4,25705,27,100,4,12748,-7,-158
32684139,true,2,3759,0,-25,15,0,4,25856,27,100,4,12593,-7,-158
32694140,true,2,3764,0,-26,15,0,4,26009,27,100,4,12436,-7,-158
32704134,true,2,3753,0,-25,15,0,4,26162,27,100,4,12280,-7,-158
32714139,true,2,3754,0,-25,15,0,4,26315,27,100,4,12122,-7,-158
32724133,true,2,3749,0,-24,15,0,4,26469,27,100,4,11965,-7,-158
32734139,true,2,3752,0,-25,15,0,4,26623,27,100,4,11807,-7,34
32744139,true,2,3750,0,-25,15,0,4,26778,27,100,4,11709,-7,34
32754141,true,2,3752,0,-25,15,0,4,26931,27,100,4,11686,-7,34
32764139,true,2,3743,0,-24,15,0,4,27081,27,100,4,11687,-7,-157
32774136,true,2,3750,0,-25,15,0,4,27228,27,100,4,11652,-7,-157
32784137,true,2,3747,0,-24,15,0,4,27371,27,100,4,11539,-7,-157
32794137,true,2,3751,0,-25,15,0,4,27516,27,100,4,11400,-7,-157
32804138,true,2,3750,0,-25,15,0,4,27665,27,100,4,11252,-7,-157
32814140,true,2,3746,0,-24,15,0,4,27816,27,100,4,11099,-7,-156
32824136,true,2,3736,0,-23,15,0,4,27967,27,100,4,10944,-7,-156
32834137,true,2,3731,0,-23,15,0,4,28119,27,100,4,10787,-7,-156
32844139,true,2,3731,0,-23,15,0,4,28271,27,100,4,10630,-7,-156
32854139,true,2,3729,0,-22,15,0,4,28424,27,100,4,10473,-7,-156
32864139,true,2,3735,0,-23,15,0,4,28577,27,100,4,10316,-7,-156
32874137,true,2,3731,0,-23,15,0,4,28729,27,100,4,10159,-7,36
32884136,true,2,3731,0,-23,15,0,4,28882,27,100,4,10066,-7,36
32894140,true,2,3737,0,-23,15,0,4,29032,27,100,4,10045,-7,36
32904136,true,2,3733,0,-23,15,0,4,29180,27,100,4,10047,-7,36
32914137,true,2,3732,0,-23,15,0,4,29325,27,100,4,10063,-7,37
32924139,true,2,3725,0,-22,15,0,4,29470,26,100,4,10088,-7,37
32934141,true,2,3725,0,-22,15,0,4,29613,26,100,4,10120,-7,37
32944133,true,2,3731,0,-23,15,0,4,29755,26,100,4,10159,-7,37
32954141,true,2,3721,0,-22,15,0,4,29897,26,100,4,10202,-7,37
32964138,true,2,3720,0,-22,15,0,4,30038,26,100,4,10249,-7,37
32974137,true,2,3715,0,-21,15,0,4,30179,26,100,4,10299,-7,37
32984142,true,2,3708,0,-20,15,0,4,30320,26,100,4,10351,-7,37
32994135,true,2,3703,0,-20,15,0,4,30461,26,100,4,10403,-7,37
33004138,true,2,3695,0,-19,15,0,4,30601,26,100,4,10457,-7,37
33014140,true,2,3690,0,-19,15,0,4,30736,29,100,4,10510,-7,-154
33024139,true,2,3688,0,-18,15,0,4,30873,29,100,4,10507,-7,-154
33034140,true,2,3677,0,-17,15,0,4,31005,29,100,4,10408,-7,-154
33044140,true,2,3672,0,-17,15,0,4,31141,29,100,4,10278,-7,-154
33054138,true,2,3656,0,-15,15,0,4,31281,29,100,4,10134,-7,-154
33064138,true,2,3642,1,-14,15,0,4,31424,29,100,4,9984,-7,38
33074138,true,2,3636,1,-13,15,0,4,31568,29,100,4,9896,-7,38
33084136,true,2,3625,2,-12,15,0,4,31711,29,100,4,9878,-7,38
33094140,true,2,3621,3,-12,15,0,4,31850,29,100,4,9881,-14,-155
33104139,true,2,3609,4,-10,15,0,4,31982,29,100,4,9847,-14,-154
33114140,true,2,3610,4,-11,15,0,4,32110,34,100,4,9737,-14,-152
33124140,true,2,3601,4,-10,14,0,4,32244,34,100,4,9600,-14,-148
33134135,true,2,3585,6,-8,14,0,4,32382,34,100,4,9455,-14,-85
33144135,true,2,3574,7,-7,14,0,4,32521,34,100,4,9304,-14,-54
33154136,true,2,3546,10,-4,14,0,4,32663,34,100,4,9153,-14,-50
33164139,true,2,3540,10,-4,14,0,4,32807,34,100,4,9001,-14,30
33174134,true,2,3533,11,-3,14,0,4,32950,34,100,4,8901,-14,49
33184138,true,2,3525,12,-2,14,0,4,33091,34,100,4,8879,-26,33
33194137,true,2,3517,12,-1,14,0,4,33230,34,100,4,8907,-26,33
33204137,true,2,3510,13,-1,14,0,4,33369,46,100,4,8942,-26,33
33214138,true,2,3482,16,1,14,0,4,33502,46,13,4,8981,-26,47
33224142,true,2,3468,17,3,14,0,4,33627,46,-10,4,9043,-26,48
33234138,true,2,3449,19,5,14,0,4,33690,46,-52,4,9132,-26,48
33244136,true,2,3437,21,6,14,0,4,33675,46,-89,4,9232,-26,48
33254137,true,2,3425,22,7,14,0,4,33598,46,-100,4,9338,-26,50
33264142,true,2,3413,23,8,14,0,4,33479,46,-100,4,9449,-26,50
33274136,true,2,3403,24,9,15,0,4,33343,46,-100,4,9564,-26,51
33284135,true,2,3377,27,12,15,0,4,33199,46,-100,4,9681,-21,53
33294139,true,2,3370,28,13,15,0,4,33049,64,-100,4,9801,-21,55
33304141,true,2,3360,29,14,15,0,4,32897,64,-100,4,9924,-21,55
33314142,true,2,3344,31,15,15,0,4,32744,64,-100,4,10048,-21,56
33324139,true,2,3323,33,17,15,0,4,32591,64,-100,4,10172,-21,57
33334135,true,2,3284,37,21,16,0,4,32437,64,-100,4,10297,-21,37
33344140,true,2,3245,41,25,16,0,4,32283,64,-100,4,10415,-21,37
33354138,true,2,3210,45,29,16,0,4,32126,64,-100,4,10514,-21,63
33364141,true,2,3164,50,33,16,0,4,31971,64,-100,4,10611,-21,65
33374135,true,2,3128,54,37,17,0,4,31817,64,-100,4,10721,-31,62
33384138,true,2,3102,57,39,17,0,4,31663,66,-100,4,10844,-31,65
33394140,true,2,3088,59,41,18,0,4,31509,66,-100,4,10972,-31,66
33404140,true,2,3070,61,43,18,0,4,31355,66,-100,4,11100,-31,67
33414136,true,2,3049,64,45,18,0,4,31201,66,-100,4,11231,-31,35
33424139,true,2,3021,67,47,19,0,4,31046,66,-100,4,11357,-31,35
33434139,false,1,2968,67,47,19,0,4,30890,66,-100,4,11468,-31,35
33444139,false,1,2919,67,47,19,0,4,30734,66,-100,4,11570,-31,35
33454138,false,1,2872,67,47,19,0,4,30578,66,-100,4,11672,-31,35
33464134,false,1,2828,67,47,19,0,4,30423,66,-100,4,11774,-76,18
33474133,false,1,2813,67,47,19,0,4,30267,66,-100,4,11870,-76,18
33484136,false,1,2783,67,47,19,0,4,30110,33,-100,4,11958,-76,18
33494139,false,1,2741,67,47,19,0,4,29953,33,-100,4,12041,-76,17
33504140,false,1,2700,67,47,19,0,4,29795,33,-100,4,12120,-76,17
33514136,false,1,2678,67,47,19,0,4,29637,33,-100,4,12193,-76,17
33524137,false,1,2641,67,47,19,0,4,29479,33,-100,4,12260,-76,17
33534136,false,1,2599,67,47,19,0,4,29321,33,-100,4,12324,-76,17
33544137,false,1,2578,67,47,19,0,4,29163,33,-100,4,12381,-76,17
33554135,false,1,2532,67,47,19,0,4,29009,33,-100,4,12428,-98,8
33564137,false,1,2495,67,47,19,0,4,28850,33,-100,4,12467,-98,8
33574137,false,1,2479,67,47,19,0,4,28692,12,-100,4,12497,-98,8
33584138,false,1,2437,67,47,19,0,4,28533,12,-100,4,12520,-98,8
33594139,false,1,2417,67,47,19,0,4,28375,12,-100,4,12537,-98,7
33604138,false,1,2387,67,47,19,0,4,28216,12,-100,4,12551,-98,7
33614137,false,1,2365,67,47,19,0,4,28059,12,-100,4,12560,-98,7
33624139,false,1,2352,67,47,19,0,4,27902,12,-100,4,12568,-98,7
33634134,false,1,2334,67,47,19,0,4,27746,12,-100,4,12574,-98,6
33644138,false,1,2322,67,47,19,0,4,27591,12,-100,4,12579,-101,5
33654138,false,1,2300,67,47,19,0,4,27436,12,-100,4,12581,-101,5
33664140,false,1,2299,67,47,19,0,4,27280,5,-100,4,12582,-101,4
33674140,false,1,2301,67,47,19,0,4,27122,5,-100,4,12582,-101,4
33684134,false,1,2299,67,47,19,0,4,26964,5,-100,4,12583,-101,4
33694138,false,1,2307,67,47,19,0,4,26805,5,-100,4,12583,-101,3
33704136,false,1,2317,67,47,19,0,4,26647,5,-100,4,12584,-101,3
33714140,false,1,2297,67,47,19,0,4,26488,5,-100,4,12584,-101,3
33724139,false,1,2269,67,47,19,0,4,26330,5,-100,4,12584,-101,3
33734138,false,1,2219,67,47,19,0,4,26172,5,-100,4,12584,-99,3
33744139,false,1,2194,67,47,19,0,4,26014,5,-100,4,12585,-99,3
33754133,false,1,2147,67,47,19,0,4,25856,-6,-100,4,12586,-99,3
33764132,false,1,2128,67,47,19,0,4,25698,-6,-100,4,12586,-99,2
33774140,false,1,2108,67,47,19,0,4,25539,-6,-100,4,12586,-99,2
33784138,false,1,2072,67,47,19,0,4,25381,-6,-100,4,12586,-99,2
33794139,false,1,2057,67,47,19,0,4,25223,-6,-100,4,12587,-99,2
33804137,false,1,2039,67,47,19,0,4,25064,-6,-100,4,12587,-99,1
33814135,false,1,2009,67,47,19,0,4,24906,-6,-100,4,12587,-99,1
33824134,false,1,1995,67,47,19,0,4,24753,-6,-100,4,12587,-73,10
33834135,false,1,1986,67,47,19,0,4,24595,-6,-100,4,12593,-73,10
33844134,false,1,1979,67,47,19,0,4,24438,-6,-100,4,12607,-73,10
33854135,false,1,1964,67,47,19,0,4,24282,-10,-100,4,12630,-73,10
33864133,false,1,1959,67,47,19,0,4,24126,-10,-100,4,12658,-73,10
33874137,false,1,1953,67,47,19,0,4,23970,-10,-100,4,12692,-73,10
33884134,false,1,1939,67,47,19,0,4,23814,-10,-100,4,12729,-73,9
33894136,false,1,1932,67,47,19,0,4,23658,-10,-100,4,12770,-73,9
33904137,false,1,1924,67,47,19,0,4,23502,-10,-100,4,12812,-73,9
33914140,false,1,1918,67,47,19,0,4,23346,-10,-100,4,12857,-44,20
33924133,false,1,1903,67,47,19,0,4,23191,-10,-100,4,12909,-44,20
33934137,false,1,1897,67,47,19,0,4,23036,-10,-100,4,12972,-44,20
33944138,false,1,1892,67,47,19,0,4,22886,-6,-100,4,13046,-44,20
33954137,false,1,1885,67,47,19,0,4,22732,-6,-100,4,13127,-44,19
33964140,false,1,1867,67,47,19,0,4,22578,-6,-100,4,13215,-44,19
33974137,false,1,1857,67,47,19,0,4,22423,-6,-100,4,13309,-44,19
33984138,false,1,1852,67,47,19,0,4,22268,-6,-100,4,13405,-44,19
33994138,false,1,1842,67,47,19,0,4,22113,-6,-100,4,13499,-44,19
34004138,false,1,1833,67,47,19,0,4,21961,-6,-100,4,13593,-26,26
34014140,false,1,1818,67,47,19,0,4,21805,-6,-100,4,13687,-26,26
34024138,false,1,1819,67,47,19,0,4,21649,-6,-100,4,13780,-26,26
34034139,false,1,1820,67,47,19,0,4,21493,-4,-100,4,13874,-26,26
34044136,false,1,1822,67,47,19,0,4,21337,-4,-100,4,13967,-26,26
34054135,false,1,1822,67,47,19,0,4,21181,-4,-100,4,14064,-26,26
34064136,false,1,1825,67,47,19,0,4,21026,-4,-100,4,14169,-26,26
34074133,false,1,1828,67,47,19,0,4,20870,-4,-100,4,14279,-26,26
34084133,false,1,1827,67,47,19,0,4,20716,-4,-100,4,14395,-26,26
34094136,false,1,1821,67,47,19,0,4,20561,-4,-100,4,14514,-20,28
34104138,false,1,1806,67,47,19,0,4,20406,-4,-100,4,14638,-20,28
34114134,false,1,1798,67,47,19,0,4,20251,-4,-100,4,14763,-20,28
34124137,false,1,1792,67,47,19,0,4,20096,-2,-100,4,14891,-20,28
34134136,false,1,1785,67,47,19,0,4,19941,-2,-100,4,15020,-20,28
34144140,false,1,1777,67,47,19,0,4,19785,-2,-100,4,15151,-20,28
34154138,false,1,1772,67,47,19,0,4,19630,-2,-100,4,15284,-20,28
34164134,false,1,1776,67,47,19,0,4,19474,-2,-100,4,15419,-20,28
34174139,false,1,1778,67,47,19,0,4,19318,-2,-100,4,15556,-20,28
34184136,false,1,1783,67,47,19,0,4,19162,-2,-100,4,15692,-16,30
34194136,false,1,1785,67,47,19,0,4,19006,-2,-100,4,15829,-16,30
34204140,false,1,1791,67,47,19,0,4,18850,-2,-100,4,15964,-16,30
34214137,false,1,1800,67,47,19,0,4,18694,-2,-100,4,16097,-16,30
34224135,false,1,1806,67,47,19,0,4,18537,0,-100,4,16228,-16,30
34234137,false,1,1814,67,47,19,0,4,18380,0,-100,4,16355,-16,30
34244135,false,1,1820,67,47,19,0,4,18223,0,-100,4,16480,-16,30
34254139,false,1,1837,67,47,19,0,4,18066,0,-100,4,16602,-16,30
34264139,false,1,1843,67,47,19,0,4,17909,0,-100,4,16721,-16,30
34274139,false,1,1852,67,47,19,0,4,17752,0,-100,4,16838,-14,31
34284138,false,1,1859,67,47,19,0,4,17595,0,-100,4,16952,-14,31
34294136,false,1,1870,67,47,19,0,4,17438,0,-100,4,17065,-14,31
34304140,false,1,1876,67,47,19,0,4,17281,0,-100,4,17176,-14,31
34314139,false,1,1882,67,47,19,0,4,17124,1,-100,4,17285,-14,31
34324137,false,1,1885,67,47,19,0,4,16967,1,-100,4,17394,-14,31
34334136,false,1,1898,67,47,19,0,4,16810,1,-100,4,17500,-14,31
34344137,false,1,1903,67,47,19,0,4,16653,1,-100,4,17610,-14,31
34354136,false,1,1905,67,47,19,0,4,16497,1,-100,4,17726,-14,31
34364140,false,1,1911,67,47,19,0,4,16342,1,-100,4,17847,-15,31
34374139,false,1,1913,67,47,19,0,4,16186,1,-100,4,17971,-15,31
34384135,false,1,1917,67,47,19,0,4,16030,1,-100,4,18098,-15,31
34394137,false,1,1920,67,47,19,0,4,15874,1,-100,4,18226,-15,31
34404141,false,1,1926,67,47,19,0,4,15718,4,-100,4,18356,-15,31
34414133,false,1,1925,67,47,19,0,4,15562,4,-100,4,18486,-15,31
34424140,false,1,1921,67,47,19,0,4,15405,4,-100,4,18618,-15,31
34434137,false,1,1916,67,47,19,0,4,15249,4,-100,4,18750,-15,31
34444140,false,1,1914,67,47,19,0,4,15093,4,-100,4,18881,-15,31
34454196,false,1,1913,67,47,19,0,4,14935,4,-100,4,19008,-18,30
34464140,false,1,1910,67,47,19,0,4,14779,4,-100,4,19130,-18,30
34474136,false,1,1904,67,47,19,0,4,14623,4,-100,4,19255,-18,30
34484141,false,1,1904,67,47,19,0,4,14467,4,-100,4,19380,-18,30
34494135,false,1,1903,67,47,19,0,4,14312,5,-100,4,19505,-18,30
34504137,false,1,1901,67,47,19,0,4,14156,5,-100,4,19627,-18,30
34514134,false,1,1896,67,47,19,0,4,14000,5,-100,4,19744,-18,30
34524137,false,1,1894,67,47,19,0,4,13843,5,-100,4,19860,-18,30
34534135,false,1,1895,67,47,19,0,4,13688,5,-100,4,19976,-18,30
34544138,false,1,1899,67,47,19,0,4,13532,5,-100,4,20093,-18,31
34554133,false,1,1906,67,47,19,0,4,13377,5,-100,4,20211,-20,30
34564140,false,1,1912,67,47,19,0,4,13222,5,-100,4,20331,-20,30
34574137,false,1,1918,67,47,19,0,4,13066,5,-100,4,20450,-20,30
34584136,false,1,1930,67,47,19,0,4,12911,5,-100,4,20570,-20,30
34594136,false,1,1935,67,47,19,0,4,12756,6,-100,4,20690,-20,30
34604134,false,1,1938,67,47,19,0,4,12600,6,-100,4,20809,-20,30
34614140,false,1,1942,67,47,19,0,4,12445,6,-100,4,20929,-20,30
34624140,false,1,1944,67,47,19,0,4,12289,6,-100,4,21048,-20,30
34634134,false,1,1946,67,47,19,0,4,12134,6,-100,4,21167,-20,30
34644136,false,1,1946,67,47,19,0,4,11982,6,-100,4,21286,-30,26
34654140,false,1,1950,67,47,19,0,4,11827,6,-100,4,21404,-30,26
34664138,false,1,1956,67,47,19,0,4,11671,6,-100,4,21517,-30,26
34674134,false,1,1959,67,47,19,0,4,11514,6,-100,4,21625,-30,26
34684139,false,1,1969,67,47,19,0,4,11357,7,-100,4,21730,-30,26
34694139,false,1,1974,67,47,19,0,4,11201,7,-100,4,21837,-30,26
34704134,false,1,1980,67,47,19,0,4,11046,7,-100,4,21943,-30,26
34714140,false,1,1987,67,47,19,0,4,10890,7,-100,4,22051,-30,26
34724138,false,1,1986,67,47,19,0,4,10735,7,-100,4,22160,-30,26
34734136,false,1,1986,67,47,19,0,4,10579,7,-100,4,22269,-40,23
34744135,false,1,1982,67,47,19,0,4,10424,7,-100,4,22377,-40,23
34754138,false,1,1980,67,47,19,0,4,10268,7,-100,4,22484,-40,23
34764135,false,1,1977,67,47,19,0,4,10112,7,-100,4,22591,-40,22
34774138,false,1,1976,67,47,19,0,4,9956,9,-100,4,22694,-40,22
34784139,false,1,1976,67,47,19,0,4,9799,9,-100,4,22792,-40,22
34794134,false,1,1977,67,47,19,0,4,9643,9,-100,4,22885,-40,22
34804135,false,1,1980,67,47,19,0,4,9486,9,-100,4,22977,-40,22
34814136,false,1,1981,67,47,19,0,4,9329,9,-99,4,23071,-40,22
34824139,false,1,1983,67,47,19,0,4,9174,9,-94,4,23167,-44,21
34834133,false,1,1983,67,47,19,0,4,9019,9,-90,4,23264,-44,21
34844136,false,1,1986,67,47,19,0,4,8863,9,-85,4,23362,-44,21
34854137,false,1,1990,67,47,19,0,4,8708,9,-80,4,23456,-44,21
34864140,false,1,1994,67,47,19,0,4,8552,9,-76,4,23544,-44,21
34874134,false,1,1994,67,47,19,0,4,8396,9,-71,4,23627,-44,21
34884135,false,1,1997,67,47,19,0,4,8241,9,-66,4,23710,-44,20
34894139,false,1,2002,67,47,19,0,4,8086,9,-62,4,23794,-44,20
34904138,false,1,2002,67,47,19,0,4,7932,9,-57,4,23881,-44,20
34914133,false,1,1999,67,47,19,0,4,7779,9,-53,4,23969,-44,20
34924134,false,1,1995,67,47,19,0,4,7627,9,-48,4,24059,-44,20
34934136,false,1,1996,67,47,19,0,4,7475,9,-44,4,24150,-44,20
34944135,false,1,1993,67,47,19,0,4,7324,9,-39,4,24242,-44,20
34954135,false,1,1993,67,47,19,0,4,7174,9,-34,4,24333,-44,20
34964133,false,1,1988,67,47,19,0,4,7025,10,-30,4,24425,-44,20
34974135,false,1,1990,67,47,19,0,4,6877,10,-26,4,24516,-44,20
34984138,false,1,1988,67,47,19,0,4,6730,10,-21,4,24607,-44,20
34994140,false,1,1984,67,47,19,0,4,6584,10,-17,4,24698,-44,20
35004138,false,1,1985,67,47,19,0,4,6439,10,-12,4,24790,-44,20
35014139,false,1,1984,67,47,19,0,4,6295,10,-8,4,24882,-44,20
35024139,false,1,1978,67,47,19,0,4,6152,10,-4,4,24976,-44,20
35034133,false,1,1974,67,47,19,0,4,6011,10,0,4,25071,-44,20
35044135,false,1,1971,67,47,19,0,4,5870,10,4,4,25166,-44,19
35054137,false,1,1964,67,47,19,0,4,5788,10,6,4,25257,-44,19
35064139,false,1,1958,67,47,19,0,4,5762,10,7,4,25347,-44,19
35074135,false,1,1952,67,47,19,0,4,5755,10,7,4,25435,-44,19
35084139,false,1,1944,67,47,19,0,4,5758,10,7,4,25521,-44,19
35094136,false,1,1937,67,47,19,0,4,5768,10,7,4,25607,-46,18
35104134,false,1,1933,67,47,19,0,4,5784,10,6,4,25692,-46,18
35114138,false,1,1927,67,47,19,0,4,5805,10,6,4,25776,-46,18
35124134,false,1,1918,67,47,19,0,4,5829,10,5,4,25861,-46,18
35134135,false,1,1912,67,47,19,0,4,5856,10,4,4,25949,-46,18
35144137,false,1,1906,67,47,19,0,4,5886,8,3,4,26040,-46,18
35154134,false,1,1905,67,47,19,0,4,5916,8,2,4,26133,-46,18
35164135,false,1,1905,67,47,19,0,4,5947,8,1,4,26227,-46,18
35174138,false,1,1907,67,47,19,0,4,5977,8,0,4,26324,-46,18
35184140,false,1,1904,67,47,19,0,4,6007,8,0,4,26423,-40,20
35194135,false,1,1904,67,47,19,0,4,6035,8,0,4,26523,-40,20
35204137,false,1,1902,67,47,19,0,4,6063,8,-1,4,26626,-40,20
35214135,false,1,1899,67,47,19,0,4,6083,8,-2,4,26729,-40,20
35224135,false,1,1899,67,47,19,0,4,6096,8,-2,4,26830,-40,20
35234141,false,1,1887,67,47,19,0,4,6103,3,-2,4,26928,-40,20
35244133,false,1,1883,67,47,19,0,4,6107,3,-2,4,27025,-40,20
35254139,false,1,1880,67,47,19,0,4,6109,3,-3,4,27126,-40,20
35264138,false,1,1878,67,47,19,0,4,6108,3,-2,4,27228,-40,20
35274139,false,1,1873,67,47,19,0,4,6105,3,-2,4,27331,-24,25
35284133,false,1,1863,67,47,19,0,4,6101,3,-2,4,27437,-24,25
35294135,false,1,1858,67,47,19,0,4,6096,3,-2,4,27545,-24,25
35304134,false,1,1852,67,47,19,0,4,6090,3,-2,4,27652,-24,25