time,,engineState,engineSpeed,enginePID,engineP,engineI,engineD,primaryState,primaryEnc,primaryLC,primaryPID,secondaryState,secondaryEnc,secondaryLC,secondaryPID
74394135,,1,1825,100,49,87,0,4,5989,2,0,4,32910,-27,-1
74404138,,1,1824,100,49,87,0,4,5989,2,0,4,32910,-27,-1
74414136,,1,1819,100,49,87,0,4,5989,2,0,4,32910,-27,-1
74424134,,1,1817,100,49,87,0,4,5989,2,0,4,32910,-27,-1
74434134,,1,1814,100,49,87,0,4,5989,2,0,4,32910,-27,-1
74444137,,1,1814,100,49,87,0,4,5989,2,0,4,32910,-27,-1
74454134,,1,1812,100,49,87,0,4,5989,2,0,4,32910,-27,-1
74464138,,1,1812,100,49,87,0,4,5989,2,0,4,32910,-27,-1
74474136,,1,1809,100,49,87,0,4,5989,2,0,4,32910,-27,-1
74484133,,1,1809,100,49,87,0,4,5989,2,0,4,32910,-27,-1
74494136,,1,1810,100,49,87,0,4,5989,2,0,4,32910,-27,-1
74504133,,1,1813,100,49,87,0,4,5989,2,0,4,32910,-27,-1
74514138,,1,1815,100,49,87,0,4,5989,2,0,4,32910,-27,-1
74524135,,1,1818,100,49,87,0,4,5989,2,0,4,32910,-27,-1
74534135,,1,1819,100,49,87,0,4,5989,3,0,4,32910,-27,-1
74544132,,1,1821,100,49,87,0,4,5989,3,0,4,32910,-27,-1
74554136,,1,1822,100,49,87,0,4,5989,3,0,4,32910,-27,-1
74564134,,1,1818,100,49,87,0,4,5989,3,0,4,32910,-27,-1
74574138,,1,1816,100,49,87,0,4,5989,3,0,4,32910,-27,-1
74584135,,1,1815,100,49,87,0,4,5989,3,0,4,32910,-27,-1
74594138,,1,1813,100,49,87,0,4,5989,3,0,4,32910,-27,-1
74604135,,1,1810,100,49,87,0,4,5989,3,0,4,32910,-27,-1
74614133,,1,1807,100,49,87,0,4,5989,3,0,4,32910,-27,-1
74624133,,1,1810,100,49,87,0,4,5989,2,0,4,32910,-27,-1
74634136,,1,1812,100,49,87,0,4,5989,2,0,4,32910,-27,-1
74644134,,1,1816,100,49,87,0,4,5989,2,0,4,32910,-27,-1
74654137,,1,1816,100,49,87,0,4,5989,2,0,4,32910,-27,-1
74664136,,1,1821,100,49,87,0,4,5989,2,0,4,32910,-27,-1
74674133,,1,1825,100,49,87,0,4,5989,2,0,4,32910,-27,-1
74684136,,1,1825,100,49,87,0,4,5989,2,0,4,32910,-27,-1
74694133,,1,1825,100,49,87,0,4,5989,2,0,4,32910,-27,-1
74704137,,1,1822,100,49,87,0,4,5989,2,0,4,32910,-27,-1
74714137,,1,1824,100,49,87,0,4,5989,3,0,4,32910,-27,-1
74724135,,1,1823,100,49,87,0,4,5989,3,0,4,32910,-27,-1
74734138,,1,1823,100,49,87,0,4,5989,3,0,4,32910,-27,-1
74744136,,1,1821,100,49,87,0,4,5989,3,0,4,32910,-27,-1
74754134,,1,1820,100,49,87,0,4,5989,3,0,4,32910,-27,-1
74764137,,1,1817,100,49,87,0,4,5989,3,0,4,32910,-27,-1
74774135,,1,1815,100,49,87,0,4,5989,3,0,4,32910,-27,-1
74784138,,1,1813,100,49,87,0,4,5989,3,0,4,32910,-27,-1
74794135,,1,1812,100,49,87,0,4,5989,3,0,4,32910,-27,-1
74804136,,1,1806,100,49,87,0,4,5989,2,0,4,32910,-27,-1
74814134,,1,1806,100,49,87,0,4,5989,2,0,4,32910,-27,-1
74824138,,1,1804,100,49,87,0,4,5989,2,0,4,32910,-27,-1
74834135,,1,1806,100,49,87,0,4,5989,2,0,4,32910,-27,-1
74844138,,1,1805,100,49,87,0,4,5989,2,0,4,32910,-27,-1
74854137,,1,1804,100,49,87,0,4,5989,2,0,4,32910,-27,-1
74864134,,1,1805,100,49,87,0,4,5989,2,0,4,32910,-27,-1
74874138,,1,1806,100,49,87,0,4,5989,2,0,4,32910,-27,-1
74884134,,1,1804,100,49,87,0,4,5989,2,0,4,32910,-27,-1
74894134,,1,1805,100,49,87,0,4,5989,3,0,4,32910,-27,-1
74904138,,1,1807,100,49,87,0,4,5989,3,0,4,32910,-27,-1
74914136,,1,1806,100,49,87,0,4,5989,3,0,4,32910,-27,-1
74924132,,1,1807,100,49,87,0,4,5989,3,0,4,32910,-27,-1
74934136,,1,1809,100,49,87,0,4,5989,3,0,4,32910,-27,-1
74944133,,1,1809,100,49,87,0,4,5989,3,0,4,32910,-27,-1
74954138,,1,1812,100,49,87,0,4,5989,3,0,4,32910,-27,-1
74964135,,1,1814,100,49,87,0,4,5989,3,0,4,32910,-27,-1
74974137,,1,1816,100,49,87,0,4,5989,3,0,4,32910,-27,-1
74984134,,1,1820,100,49,87,0,4,5989,3,0,4,32910,-27,-1
74994134,,1,1824,100,49,87,0,4,5989,2,0,4,32910,-27,-1
75004138,,1,1825,100,49,87,0,4,5989,2,0,4,32910,-27,-1
75014135,,1,1829,100,49,87,0,4,5989,2,0,4,32910,-27,-1
75024132,,1,1828,100,49,87,0,4,5989,2,0,4,32910,-27,-1
75034136,,1,1828,100,49,87,0,4,5989,2,0,4,32910,-27,-1
75044134,,1,1830,100,49,87,0,4,5989,2,0,4,32910,-27,-1
75054138,,1,1830,100,49,87,0,4,5989,2,0,4,32910,-27,-1
75064134,,1,1831,100,49,87,0,4,5989,2,0,4,32910,-27,-1
75074137,,1,1832,100,49,87,0,4,5989,2,0,4,32910,-27,-1
75084138,,1,1829,100,49,87,0,4,5989,2,0,4,32910,-27,-1
75094136,,1,1825,100,49,87,0,4,5989,2,0,4,32910,-27,-1
75104133,,1,1822,100,49,87,0,4,5989,2,0,4,32910,-27,-1
75114136,,1,1819,100,49,87,0,4,5989,2,0,4,32910,-27,-1
75124133,,1,1817,100,49,87,0,4,5989,2,0,4,32910,-27,-1
75134138,,1,1809,100,49,87,0,4,5989,2,0,4,32910,-27,-1
75144136,,1,1804,100,49,87,0,4,5989,2,0,4,32910,-27,-1
75154138,,1,1795,100,49,87,0,4,5989,2,0,4,32910,-27,-1
75164136,,1,1781,100,49,87,0,4,5989,2,0,4,32910,-27,-1
75174136,,1,1770,100,49,87,0,4,5989,3,0,4,32910,-27,-1
75184132,,1,1756,100,49,87,0,4,5989,3,0,4,32910,-27,-1
75194136,,1,1743,100,49,87,0,4,5989,3,0,4,32910,-27,-1
75204134,,1,1719,100,49,87,0,4,5989,3,0,4,32910,-27,-1
75214133,,1,1712,100,49,87,0,4,5989,3,0,4,32911,-27,-1
75224136,,1,1716,100,49,87,0,4,5989,3,0,4,32911,-27,-1
75234133,,1,1726,100,49,87,0,4,5989,3,0,4,32911,-27,-1
75244135,,1,1734,100,49,87,0,4,5989,3,0,4,32911,-27,-1
75254134,,1,1753,100,49,87,0,4,5989,3,0,4,32911,-27,-1
75264134,,1,1762,100,49,87,0,4,5989,3,0,4,32911,-27,-1
75274137,,1,1772,100,49,87,0,4,5989,3,0,4,32911,-27,-1
75284134,,1,1778,100,49,87,0,4,5989,3,0,4,32911,-27,-1
75294137,,1,1788,100,49,87,0,4,5989,3,0,4,32911,-27,-1
75304136,,1,1810,100,49,87,0,4,5989,3,0,4,32911,-27,-1
75314132,,1,1822,100,49,87,0,4,5989,3,0,4,32911,-27,-1
75324136,,1,1834,100,49,87,0,4,5989,3,0,4,32911,-27,-1
75334133,,1,1845,100,49,87,0,4,5989,3,0,4,32911,-27,-1
75344138,,1,1872,100,49,87,0,4,5989,3,0,4,32911,-27,-1
75354135,,1,1864,100,49,87,0,4,5989,3,0,4,32911,-27,-1
75364135,,1,1851,100,49,87,0,4,5989,3,0,4,32911,-27,-1
75374138,,1,1841,100,49,87,0,4,5989,3,0,4,32911,-27,-1
75384135,,1,1828,100,49,87,0,4,5989,3,0,4,32911,-27,-1
75394134,,1,1804,100,49,87,0,4,5989,3,0,4,32911,-27,-1
75404137,,1,1792,100,49,87,0,4,5989,3,0,4,32911,-27,-1
75414134,,1,1778,100,49,87,0,4,5989,3,0,4,32911,-27,-1
75424138,,1,1771,100,49,87,0,4,5989,3,0,4,32911,-27,-1
75434134,,1,1766,100,49,87,0,4,5989,3,0,4,32911,-27,-1
75444138,,1,1759,100,49,87,0,4,5989,3,0,4,32911,-27,-1
75454133,,1,1746,100,49,87,0,4,5989,3,0,4,32911,-27,-1
75464136,,1,1740,100,49,87,0,4,5989,3,0,4,32911,-27,-1
75474133,,1,1733,100,49,87,0,4,5989,3,0,4,32911,-27,-1
75484137,,1,1731,100,49,87,0,4,5989,3,0,4,32911,-27,-1
75494134,,1,1738,100,49,87,0,4,5989,3,0,4,32911,-27,-1
75504137,,1,1744,100,49,87,0,4,5989,3,0,4,32911,-27,-1
75514135,,1,1761,100,49,87,0,4,5989,3,0,4,32911,-27,-1
75524138,,1,1770,100,49,87,0,4,5989,3,0,4,32911,-27,-1
75534135,,1,1777,100,49,87,0,4,5989,3,0,4,32911,-27,-1
75544135,,1,1786,100,49,87,0,4,5989,3,0,4,32911,-27,-1
75554138,,1,1794,100,49,87,0,4,5989,3,0,4,32911,-27,-1
75564137,,1,1814,100,49,87,0,4,5989,3,0,4,32911,-27,-1
75574134,,1,1823,100,49,87,0,4,5989,3,0,4,32911,-27,-1
75584138,,1,1834,100,49,87,0,4,5988,3,0,4,32911,-27,-1
75594136,,1,1844,100,49,87,0,4,5988,3,0,4,32911,-27,-1
75604134,,1,1869,100,49,87,0,4,5988,3,0,4,32911,-27,-1
75614137,,1,1876,100,49,87,0,4,5988,3,0,4,32911,-27,-1
75624135,,1,1868,100,49,87,0,4,5988,3,0,4,32911,-27,-1
75634134,,1,1855,100,49,87,0,4,5988,3,0,4,32911,-27,-1
75644138,,1,1844,100,49,87,0,4,5988,3,0,4,32911,-27,-1
75654137,,1,1820,100,49,87,0,4,5988,3,0,4,32911,-27,-1
75664133,,1,1808,100,49,87,0,4,5988,3,0,4,32911,-27,-1
75674137,,1,1795,100,49,87,0,4,5988,3,0,4,32911,-27,-1
75684134,,1,1784,100,49,87,0,4,5988,3,0,4,32911,-27,-1
75694137,,1,1784,100,49,87,0,4,5988,3,0,4,32911,-27,-1
75704135,,1,1787,100,49,87,0,4,5988,3,0,4,32911,-27,-1
75714132,,1,1790,100,49,87,0,4,5988,3,0,4,32911,-27,-1
75724213,,1,1790,100,49,87,0,4,5988,3,0,4,32911,-27,-1
75734137,,1,1792,100,49,87,0,4,5988,3,0,4,32911,-27,-1
75744134,,1,1793,100,49,87,0,4,5988,3,0,4,32911,-27,-1
75754133,,1,1801,100,49,87,0,4,5988,3,0,4,32911,-27,-1
75764137,,1,1807,100,49,87,0,4,5988,3,0,4,32911,-27,-1
75774134,,1,1811,100,49,87,0,4,5988,3,0,4,32911,-27,-1
75784138,,1,1816,100,49,87,0,4,5988,3,0,4,32911,-27,-1
75794136,,1,1825,100,49,87,0,4,5988,3,0,4,32911,-27,-1
75804132,,1,1832,100,49,87,0,4,5988,3,0,4,32911,-27,-1
75814136,,1,1833,100,49,87,0,4,5988,3,0,4,32911,-27,-1
75824136,,1,1834,100,49,87,0,4,5988,3,0,4,32911,-27,-1
75834133,,1,1832,100,49,87,0,4,5988,3,0,4,32911,-27,-1
75844138,,1,1829,100,49,87,0,4,5988,3,0,4,32911,-27,-1
75854135,,1,1827,100,49,87,0,4,5988,3,0,4,32911,-27,-1
75864132,,1,1827,100,49,87,0,4,5988,3,0,4,32911,-27,-1
75874136,,1,1825,100,49,87,0,4,5988,3,0,4,32911,-27,-1
75884132,,1,1825,100,49,87,0,4,5988,3,0,4,32911,-27,-1
75894137,,1,1821,100,49,87,0,4,5988,3,0,4,32911,-27,-1
75904134,,1,1818,100,49,87,0,4,5988,3,0,4,32911,-27,-1
75914134,,1,1816,100,49,87,0,4,5988,2,0,4,32911,-27,-1
75924138,,1,1814,100,49,87,0,4,5988,2,0,4,32911,-27,-1
75934136,,1,1810,100,49,87,0,4,5988,2,0,4,32911,-27,-1
75944134,,1,1806,100,49,87,0,4,5988,2,0,4,32911,-27,-1
75954138,,1,1807,100,49,87,0,4,5988,2,0,4,32911,-27,-1
75964134,,1,1809,100,49,87,0,4,5988,2,0,4,32911,-27,-1
75974138,,1,1809,100,49,87,0,4,5988,2,0,4,32911,-27,-1
75984135,,1,1811,100,49,87,0,4,5988,2,0,4,32911,-27,-1
75994133,,1,1812,100,49,87,0,4,5988,2,0,4,32911,-27,-1
76004132,,1,1813,100,49,87,0,4,5988,2,0,4,32911,-27,-1
76014136,,1,1815,100,49,87,0,4,5988,2,0,4,32911,-27,-1
76024133,,1,1817,100,49,87,0,4,5988,2,0,4,32911,-27,-1
76034138,,1,1818,100,49,87,0,4,5988,2,0,4,32911,-27,-1
76044135,,1,1819,100,49,87,0,4,5988,2,0,4,32911,-27,-1
76054138,,1,1822,100,49,87,0,4,5988,2,0,4,32911,-27,-1
76064135,,1,1824,100,49,87,0,4,5988,2,0,4,32911,-27,-1
76074138,,1,1824,100,49,87,0,4,5988,2,0,4,32911,-27,-1
76084137,,1,1823,100,49,87,0,4,5988,2,0,4,32911,-27,-1
76094137,,1,1823,100,49,87,0,4,5988,3,0,4,32911,-27,-1
76104134,,1,1824,100,49,87,0,4,5988,3,0,4,32911,-27,-1
76114137,,1,1823,100,49,87,0,4,5988,3,0,4,32911,-27,-1
76124135,,1,1821,100,49,87,0,4,5988,3,0,4,32911,-27,-1
76134138,,1,1821,100,49,87,0,4,5988,3,0,4,32911,-27,-1
76144135,,1,1817,100,49,87,0,4,5988,3,0,4,32911,-27,-1
76154138,,1,1816,100,49,87,0,4,5988,3,0,4,32911,-27,-1
76164136,,1,1811,100,49,87,0,4,5988,3,0,4,32911,-27,-1
76174134,,1,1804,100,49,87,0,4,5988,3,0,4,32911,-27,-1
76184138,,1,1802,100,49,87,0,4,5988,3,0,4,32911,-27,-1
76194138,,1,1799,100,49,87,0,4,5988,3,0,4,32911,-27,-1
76204135,,1,1794,100,49,87,0,4,5988,3,0,4,32911,-27,-1
76214138,,1,1790,100,49,87,0,4,5988,3,0,4,32911,-27,-1
76224136,,1,1786,100,49,87,0,4,5988,3,0,4,32911,-27,-1
76234134,,1,1781,100,49,87,0,4,5988,3,0,4,32911,-27,-1
76244137,,1,1776,100,49,87,0,4,5988,3,0,4,32911,-27,-1
76254134,,1,1772,100,49,87,0,4,5988,3,0,4,32911,-27,-1
76264138,,1,1767,100,49,87,0,4,5988,3,0,4,32911,-27,-1
76274135,,1,1765,100,49,87,0,4,5988,3,0,4,32911,-27,-1
76284136,,1,1769,100,49,87,0,4,5988,3,0,4,32911,-27,-1
76294132,,1,1775,100,49,87,0,4,5988,3,0,4,32911,-27,-1
76304136,,1,1779,100,49,87,0,4,5988,3,0,4,32911,-27,-1
76314133,,1,1785,100,49,87,0,4,5988,3,0,4,32911,-27,-1
76324137,,1,1790,100,49,87,0,4,5988,3,0,4,32911,-27,-1
76334135,,1,1800,100,49,87,0,4,5988,3,0,4,32911,-27,-1
76344138,,1,1804,100,49,87,0,4,5988,3,0,4,32911,-27,-1
76354135,,1,1806,100,49,87,0,4,5988,3,0,4,32911,-27,-1
76364132,,1,1808,100,49,87,0,4,5988,3,0,4,32911,-27,-1
76374132,,1,1811,100,49,87,0,4,5988,3,0,4,32911,-27,-1
76384137,,1,1816,100,49,87,0,4,5988,3,0,4,32911,-27,-1
76394135,,1,1820,100,49,87,0,4,5988,3,0,4,32911,-27,-1
76404138,,1,1823,100,49,87,0,4,5988,3,0,4,32911,-27,-1
76414136,,1,1824,100,49,87,0,4,5988,3,0,4,32911,-27,-1
76424138,,1,1823,100,49,87,0,4,5988,3,0,4,32911,-27,-1
76434137,,1,1818,100,49,87,0,4,5988,3,0,4,32911,-27,-1
76444134,,1,1816,100,49,87,0,4,5988,3,0,4,32911,-27,-1
76454138,,1,1816,100,49,87,0,4,5988,3,0,4,32911,-27,-1
76464138,,1,1811,100,49,87,0,4,5988,3,0,4,32911,-27,-1
76474135,,1,1809,100,49,87,0,4,5988,3,0,4,32911,-27,-1
76484134,,1,1806,100,49,87,0,4,5988,3,0,4,32911,-27,-1
76494138,,1,1806,100,49,87,0,4,5988,3,0,4,32911,-27,-1
76504134,,1,1804,100,49,87,0,4,5988,3,0,4,32911,-27,-1
76514137,,1,1803,100,49,87,0,4,5988,3,0,4,32911,-27,-1
76524136,,1,1799,100,49,87,0,4,5988,3,0,4,32911,-27,-1
76534133,,1,1798,100,49,87,0,4,5988,3,0,4,32911,-27,-1
76544137,,1,1797,100,49,87,0,4,5988,3,0,4,32911,-27,-1
76554134,,1,1800,100,49,87,0,4,5988,3,0,4,32911,-27,-1
76564134,,1,1799,100,49,87,0,4,5988,3,0,4,32911,-27,-1
76574132,,1,1804,100,49,87,0,4,5988,3,0,4,32911,-27,-1
76584136,,1,1805,100,49,87,0,4,5988,3,0,4,32911,-27,-1
76594132,,1,1807,100,49,87,0,4,5988,3,0,4,32911,-27,-1
76604135,,1,1809,100,49,87,0,4,5988,3,0,4,32911,-27,-1
76614133,,1,1811,100,49,87,0,4,5988,3,0,4,32911,-27,-1
76624138,,1,1811,100,49,87,0,4,5988,3,0,4,32911,-27,-1
76634135,,1,1811,100,49,87,0,4,5988,3,0,4,32911,-27,-1
76644138,,1,1810,100,49,87,0,4,5988,3,0,4,32911,-27,-1
76654138,,1,1811,100,49,87,0,4,5988,3,0,4,32911,-27,-1
76664135,,1,1812,100,49,87,0,4,5988,3,0,4,32911,-27,-1
76674134,,1,1812,100,49,87,0,4,5988,3,0,4,32911,-27,-1
76684137,,1,1811,100,49,87,0,4,5988,3,0,4,32911,-27,-1
76694133,,1,1810,100,49,87,0,4,5988,3,0,4,32911,-27,-1
76704137,,1,1811,100,49,87,0,4,5988,3,0,4,32911,-27,-1
76714134,,1,1808,100,49,87,0,4,5988,3,0,4,32911,-27,-1
76724138,,1,1807,100,49,87,0,4,5988,3,0,4,32911,-27,-1
76734136,,1,1806,100,49,87,0,4,5988,3,0,4,32911,-27,-1
76744135,,1,1804,100,49,87,0,4,5988,3,0,4,32911,-27,-1
76754132,,1,1804,100,49,87,0,4,5988,3,0,4,32911,-27,-1
76764136,,1,1803,100,49,87,0,4,5988,3,0,4,32911,-27,-1
76774135,,1,1798,100,49,87,0,4,5988,3,0,4,32911,-27,-1
76784138,,1,1797,100,49,87,0,4,5988,3,0,4,32911,-27,-1
76794135,,1,1795,100,49,87,0,4,5988,3,0,4,32911,-27,-1
76804138,,1,1791,100,49,87,0,4,5988,3,0,4,32911,-27,-1
76814136,,1,1792,100,49,87,0,4,5988,3,0,4,32911,-27,-1
76824134,,1,1791,100,49,87,0,4,5988,3,0,4,32911,-27,-1
76834134,,1,1792,100,49,87,0,4,5988,3,0,4,32911,-27,-1
76844137,,1,1794,100,49,87,0,4,5988,3,0,4,32911,-27,-1
76854134,,1,1794,100,49,87,0,4,5988,3,0,4,32911,-27,-1
76864137,,1,1793,100,49,87,0,4,5988,3,0,4,32911,-27,-1
76874136,,1,1795,100,49,87,0,4,5988,3,0,4,32911,-27,-1
76884138,,1,1794,100,49,87,0,4,5988,3,0,4,32911,-27,-1
76894135,,1,1797,100,49,87,0,4,5988,3,0,4,32911,-27,-1
76904138,,1,1798,100,49,87,0,4,5988,3,0,4,32911,-27,-1
76914135,,1,1800,100,49,87,0,4,5988,3,0,4,32911,-27,-1
76924136,,1,1803,100,49,87,0,4,5988,3,0,4,32911,-27,-1
76934133,,1,1803,100,49,87,0,4,5988,3,0,4,32911,-27,-1
76944136,,1,1804,100,49,87,0,4,5988,3,0,4,32911,-27,-1
76954134,,1,1801,100,49,87,0,4,5988,3,0,4,32911,-27,-1
76964137,,1,1796,100,49,87,0,4,5988,3,0,4,32911,-27,-1
76974134,,1,1789,100,49,87,0,4,5988,3,0,4,32911,-27,-1
76984138,,1,1785,100,49,87,0,4,5988,3,0,4,32911,-27,-1
76994135,,1,1781,100,49,87,0,4,5988,3,0,4,32911,-27,-1
77004133,,1,1778,100,49,87,0,4,5988,3,0,4,32911,-27,-1
77014136,,1,1774,100,49,87,0,4,5988,3,0,4,32911,-27,-1
77024136,,1,1777,100,49,87,0,4,5988,2,0,4,32911,-27,-1
77034134,,1,1784,100,49,87,0,4,5988,2,0,4,32911,-27,-1
77044138,,1,1788,100,49,87,0,4,5988,2,0,4,32911,-27,-1
77054135,,1,1791,100,49,87,0,4,5988,2,0,4,32911,-27,-1
77064138,,1,1795,100,49,87,0,4,5988,2,0,4,32911,-27,-1
77074135,,1,1799,100,49,87,0,4,5988,2,0,4,32911,-27,-1
77084134,,1,1802,100,49,87,0,4,5988,2,0,4,32911,-27,-1
77094137,,1,1801,100,49,87,0,4,5988,2,0,4,32911,-27,-1
77104135,,1,1799,100,49,87,0,4,5988,2,0,4,32911,-27,-1
77114134,,1,1797,100,49,87,0,4,5988,3,0,4,32911,-27,-1
77124137,,1,1797,100,49,87,0,4,5988,3,0,4,32911,-27,-1
77134136,,1,1794,100,49,87,0,4,5988,3,0,4,32911,-27,-1
77144133,,1,1794,100,49,87,0,4,5988,3,0,4,32911,-27,-1
77154136,,1,1796,100,49,87,0,4,5988,3,0,4,32911,-27,-1
77164133,,1,1799,100,49,87,0,4,5988,3,0,4,32911,-27,-1
77174137,,1,1805,100,49,87,0,4,5988,3,0,4,32911,-27,-1
77184134,,1,1807,100,49,87,0,4,5988,3,0,4,32911,-27,-1
77194138,,1,1810,100,49,87,0,4,5988,3,0,4,32911,-27,-1
77204137,,1,1813,100,49,87,0,4,5988,3,0,4,32911,-27,-1
77214134,,1,1814,100,49,87,0,4,5988,3,0,4,32911,-27,-1
77224133,,1,1809,100,49,87,0,4,5988,3,0,4,32911,-27,-1
77234136,,1,1808,100,49,87,0,4,5988,3,0,4,32911,-27,-1
77244134,,1,1806,100,49,87,0,4,5988,3,0,4,32912,-27,-1
77254138,,1,1803,100,49,87,0,4,5988,3,0,4,32912,-27,-1
77264135,,1,1801,100,49,87,0,4,5988,3,0,4,32912,-27,-1
77274138,,1,1798,100,49,87,0,4,5988,3,0,4,32912,-27,-1
77284137,,1,1798,100,49,87,0,4,5988,3,0,4,32912,-27,-1
77294137,,1,1797,100,49,87,0,4,5988,3,0,4,32912,-27,-1
77304134,,1,1797,100,49,87,0,4,5988,3,0,4,32912,-27,-1
77314138,,1,1797,100,49,87,0,4,5988,3,0,4,32912,-27,-1
77324136,,1,1797,100,49,87,0,4,5988,3,0,4,32912,-27,-1
77334133,,1,1796,100,49,87,0,4,5988,3,0,4,32912,-27,-1
77344136,,1,1797,100,49,87,0,4,5988,3,0,4,32912,-27,-1
77354133,,1,1799,100,49,87,0,4,5988,3,0,4,32912,-27,-1
77364136,,1,1798,100,49,87,0,4,5988,3,0,4,32912,-27,-1
77374134,,1,1801,100,49,87,0,4,5988,3,0,4,32912,-27,-1
77384138,,1,1803,100,49,87,0,4,5988,3,0,4,32912,-27,-1
77394138,,1,1806,100,49,87,0,4,5988,3,0,4,32912,-27,-1
77404135,,1,1806,100,49,87,0,4,5988,3,0,4,32912,-27,-1
77414138,,1,1807,100,49,87,0,4,5988,3,0,4,32912,-27,-1
77424136,,1,1813,100,49,87,0,4,5988,3,0,4,32912,-27,0
77434132,,1,1814,100,49,87,0,4,5988,3,0,4,32912,-27,0
77444136,,1,1815,100,49,87,0,4,5988,3,0,4,32912,-27,0
77454133,,1,1816,100,49,87,0,4,5988,3,0,4,32912,-27,0
77464136,,1,1817,100,49,87,0,4,5988,3,0,4,32912,-27,0
77474134,,1,1821,100,49,87,0,4,5988,3,0,4,32912,-27,0
77484134,,1,1818,100,49,87,0,4,5988,3,0,4,32912,-27,0
77494137,,1,1813,100,49,87,0,4,5988,3,0,4,32912,-27,0
77504134,,1,1812,100,49,87,0,4,5988,3,0,4,32912,-27,0
77514137,,1,1808,100,49,87,0,4,5988,3,0,4,32912,-27,0
77524135,,1,1803,100,49,87,0,4,5988,3,0,4,32912,-27,0
77534132,,1,1801,100,49,87,0,4,5988,3,0,4,32912,-27,0
77544136,,1,1796,100,49,87,0,4,5988,3,0,4,32912,-27,0
77554133,,1,1792,100,49,87,0,4,5988,3,0,4,32912,-27,0
77564137,,1,1788,100,49,87,0,4,5988,3,0,4,32912,-27,0
77574138,,1,1778,100,49,87,0,4,5988,3,0,4,32912,-27,0
77584134,,1,1773,100,49,87,0,4,5988,3,0,4,32912,-27,0
77594138,,1,1768,100,49,87,0,4,5988,3,0,4,32912,-27,0
77604135,,1,1762,100,49,87,0,4,5988,3,0,4,32912,-27,0
77614138,,1,1759,100,49,87,0,4,5988,3,0,4,32912,-27,0
77624135,,1,1763,100,49,87,0,4,5988,3,0,4,32912,-27,0
77634134,,1,1770,100,49,87,0,4,5988,3,0,4,32912,-27,0
77644137,,1,1773,100,49,87,0,4,5988,3,0,4,32912,-27,0
77654134,,1,1776,100,49,87,0,4,5988,3,0,4,32912,-27,0
77664134,,1,1781,100,49,87,0,4,5988,3,0,4,32912,-27,0
77674137,,1,1786,100,49,87,0,4,5988,3,0,4,32912,-27,0
77684136,,1,1793,100,49,87,0,4,5988,3,0,4,32912,-27,0
77694132,,1,1795,100,49,87,0,4,5988,3,0,4,32912,-27,0
77704136,,1,1798,100,49,87,0,4,5988,3,0,4,32912,-27,0
77714133,,1,1801,100,49,87,0,4,5988,3,0,4,32912,-27,0
77724136,,1,1803,100,49,87,0,4,5988,3,0,4,32912,-27,0
77734135,,1,1809,100,49,87,0,4,5988,3,0,4,32912,-27,0
77744138,,1,1809,100,49,87,0,4,5988,3,0,4,32912,-27,0
77754138,,1,1807,100,49,87,0,4,5988,3,0,4,32912,-27,0
77764135,,1,1806,100,49,87,0,4,5988,3,0,4,32912,-27,0
77774138,,1,1803,100,49,87,0,4,5988,3,0,4,32912,-27,0
77784136,,1,1800,100,49,87,0,4,5988,3,0,4,32912,-27,0
77794133,,1,1798,100,49,87,0,4,5988,3,0,4,32912,-27,0
77804136,,1,1797,100,49,87,0,4,5988,3,0,4,32912,-27,0
77814133,,1,1796,100,49,87,0,4,5988,3,0,4,32912,-27,0
77824136,,1,1801,100,49,87,0,4,5988,3,0,4,32912,-27,0
77834134,,1,1807,100,49,87,0,4,5988,3,0,4,32912,-27,0
77844138,,1,1811,100,49,87,0,4,5988,3,0,4,32912,-27,0
77854138,,1,1815,100,49,87,0,4,5988,3,0,4,32912,-27,0
77864135,,1,1820,100,49,87,0,4,5988,3,0,4,32912,-27,0
77874132,,1,1828,100,49,87,0,4,5988,3,0,4,32912,-27,0
77884135,,1,1826,100,49,87,0,4,5988,3,0,4,32912,-27,0
77894138,,1,1828,100,49,87,0,4,5988,3,0,4,32912,-27,0
77904135,,1,1826,100,49,87,0,4,5988,3,0,4,32912,-27,0
77914132,,1,1825,100,49,87,0,4,5988,3,0,4,32912,-27,0
77924138,,1,1824,100,49,87,0,4,5988,3,0,4,32912,-27,0
77934135,,1,1824,100,49,87,0,4,5988,3,0,4,32912,-27,0
77944135,,1,1824,100,49,87,0,4,5988,2,0,4,32912,-27,0
77954138,,1,1823,100,49,87,0,4,5988,2,0,4,32912,-27,0
77964136,,1,1822,100,49,87,0,4,5988,2,0,4,32913,-27,0
77974134,,1,1820,100,49,87,0,4,5988,2,0,4,32913,-27,0
77984137,,1,1818,100,49,87,0,4,5988,2,0,4,32913,-27,0
77994134,,1,1818,100,49,87,0,4,5988,2,0,4,32913,-27,0
78004138,,1,1817,100,49,87,0,4,5988,2,0,4,32913,-27,0
78014136,,1,1813,100,49,87,0,4,5988,2,0,4,32913,-27,0
78024133,,1,1812,100,49,87,0,4,5988,2,0,4,32913,-27,0
78034133,,1,1812,100,49,87,0,4,5988,3,0,4,32913,-27,0
78044137,,1,1809,100,49,87,0,4,5988,3,0,4,32913,-27,0
78054133,,1,1809,100,49,87,0,4,5988,3,0,4,32913,-27,0
78064138,,1,1805,100,49,87,0,4,5988,3,0,4,32913,-27,0
78074136,,1,1804,100,49,87,0,4,5988,3,0,4,32913,-27,0
78084132,,1,1807,100,49,87,0,4,5988,3,0,4,32913,-27,0
78094136,,1,1806,100,49,87,0,4,5988,3,0,4,32913,-27,0
78104133,,1,1808,100,49,87,0,4,5988,3,0,4,32913,-27,0
78114137,,1,1811,100,49,87,0,4,5988,3,0,4,32913,-27,0
78124137,,1,1813,100,49,87,0,4,5988,3,0,4,32913,-27,0
78134134,,1,1813,100,49,87,0,4,5988,3,0,4,32913,-27,0
78144138,,1,1815,100,49,87,0,4,5988,3,0,4,32913,-27,0
78154134,,1,1815,100,49,87,0,4,5988,3,0,4,32913,-27,0
78164132,,1,1815,100,49,87,0,4,5988,3,0,4,32913,-27,0
78174136,,1,1815,100,49,87,0,4,5988,3,0,4,32913,-27,0
78184133,,1,1816,100,49,87,0,4,5988,3,0,4,32913,-27,0
78194137,,1,1814,100,49,87,0,4,5988,3,0,4,32913,-27,0
78204133,,1,1818,100,49,87,0,4,5988,3,0,4,32913,-27,0
78214138,,1,1815,100,49,87,0,4,5988,3,0,4,32913,-27,0
78224138,,1,1815,100,49,87,0,4,5988,3,0,4,32913,-27,0
78234135,,1,1813,100,49,87,0,4,5988,3,0,4,32913,-27,0
78244138,,1,1813,100,49,87,0,4,5988,3,0,4,32913,-27,0
78254136,,1,1811,100,49,87,0,4,5988,3,0,4,32913,-27,0
78264134,,1,1809,100,49,87,0,4,5988,3,0,4,32913,-27,0
78274138,,1,1808,100,49,87,0,4,5988,3,0,4,32913,-27,0
78284135,,1,1809,100,49,87,0,4,5988,3,0,4,32913,-27,0
78294132,,1,1811,100,49,87,0,4,5988,3,0,4,32913,-27,0
78304137,,1,1814,100,49,87,0,4,5988,3,0,4,32913,-27,0
78314137,,1,1815,100,49,87,0,4,5988,3,0,4,32913,-27,0
78324134,,1,1816,100,49,87,0,4,5988,3,0,4,32913,-27,0
78334136,,1,1817,100,49,87,0,4,5988,3,0,4,32913,-27,0
78344134,,1,1818,100,49,87,0,4,5988,3,0,4,32913,-27,0
78354132,,1,1815,100,49,87,0,4,5988,3,0,4,32913,-27,0
78364136,,1,1813,100,49,87,0,4,5988,3,0,4,32913,-27,0
78374133,,1,1811,100,49,87,0,4,5988,3,0,4,32913,-27,0
78384137,,1,1809,100,49,87,0,4,5988,3,0,4,32913,-27,0
78394134,,1,1808,100,49,87,0,4,5988,3,0,4,32913,-27,0
78404135,,1,1805,100,49,87,0,4,5988,3,0,4,32913,-27,0
78414138,,1,1805,100,49,87,0,4,5988,3,0,4,32913,-27,0
78424135,,1,1804,100,49,87,0,4,5988,3,0,4,32913,-27,0
78434138,,1,1805,100,49,87,0,4,5988,3,0,4,32913,-27,0
78444135,,1,1806,100,49,87,0,4,5988,3,0,4,32913,-27,0
78454134,,1,1805,100,49,87,0,4,5988,3,0,4,32913,-27,0
78464138,,1,1806,100,49,87,0,4,5988,3,0,4,32913,-27,0
78474135,,1,1804,100,49,87,0,4,5988,3,0,4,32913,-27,0
78484138,,1,1800,100,49,87,0,4,5988,3,0,4,32913,-27,0
78494138,,1,1798,100,49,87,0,4,5988,3,0,4,32913,-27,0
78504137,,1,1788,100,49,87,0,4,5988,3,0,4,32913,-27,0
78514133,,1,1785,100,49,87,0,4,5988,3,0,4,32913,-27,0
78524136,,1,1781,100,49,87,0,4,5988,3,0,4,32913,-27,0
78534133,,1,1777,100,49,87,0,4,5988,3,0,4,32913,-27,0
78544138,,1,1775,100,49,87,0,4,5988,3,0,4,32914,-27,0
78554137,,1,1777,100,49,87,0,4,5988,3,0,4,32914,-27,0
78564134,,1,1780,100,49,87,0,4,5988,3,0,4,32914,-27,0
78574138,,1,1783,100,49,87,0,4,5988,3,0,4,32914,-27,0
78584138,,1,1783,100,49,87,0,4,5988,3,0,4,32914,-27,0
78594135,,1,1787,100,49,87,0,4,5988,3,0,4,32914,-27,0
78604138,,1,1787,100,49,87,0,4,5988,3,0,4,32914,-27,0
78614136,,1,1792,100,49,87,0,4,5988,3,0,4,32914,-27,0
78624133,,1,1794,100,49,87,0,4,5988,3,0,4,32914,-27,0
78634138,,1,1795,100,49,87,0,4,5988,3,0,4,32914,-27,0
78644135,,1,1797,100,49,87,0,4,5988,3,0,4,32914,-27,0
78654133,,1,1801,100,49,87,0,4,5988,3,0,4,32914,-27,0
78664136,,1,1806,100,49,87,0,4,5988,3,0,4,32914,-27,0
78674133,,1,1808,100,49,87,0,4,5988,3,0,4,32914,-27,0
78684133,,1,1810,100,49,87,0,4,5988,3,0,4,32914,-27,0
78694135,,1,1811,100,49,87,0,4,5988,3,0,4,32914,-27,0
78704134,,1,1814,100,49,87,0,4,5988,3,0,4,32914,-27,0
78714137,,1,1815,100,49,87,0,4,5988,3,0,4,32914,-27,0
78724134,,1,1816,100,49,87,0,4,5988,3,0,4,32914,-27,0
78734138,,1,1818,100,49,87,0,4,5988,3,0,4,32914,-27,0
78744135,,1,1819,100,49,87,0,4,5988,3,0,4,32914,-27,0
78754133,,1,1817,100,49,87,0,4,5988,3,0,4,32914,-27,0
78764137,,1,1818,100,49,87,0,4,5988,3,0,4,32914,-27,0
78774137,,1,1816,100,49,87,0,4,5988,2,0,4,32914,-27,0
78784133,,1,1817,100,49,87,0,4,5988,2,0,4,32914,-27,0
78794137,,1,1816,100,49,87,0,4,5988,2,0,4,32914,-27,0
78804135,,1,1813,100,49,87,0,4,5988,2,0,4,32914,-27,0
78814138,,1,1809,100,49,87,0,4,5988,2,0,4,32914,-27,0
78824135,,1,1803,100,49,87,0,4,5988,2,0,4,32914,-27,0
78834133,,1,1797,100,49,87,0,4,5988,2,0,4,32914,-27,0
78844136,,1,1792,100,49,87,0,4,5988,2,0,4,32914,-27,0
78854133,,1,1781,100,49,87,0,4,5988,2,0,4,32914,-27,0
78864134,,1,1773,100,49,87,0,4,5988,3,0,4,32914,-27,0
78874137,,1,1767,100,49,87,0,4,5988,3,0,4,32914,-27,0
78884134,,1,1760,100,49,87,0,4,5988,3,0,4,32914,-27,0
78894137,,1,1753,100,49,87,0,4,5988,3,0,4,32914,-27,0
78904134,,1,1747,100,49,87,0,4,5988,3,0,4,32914,-27,0
78914132,,1,1734,100,49,87,0,4,5988,3,0,4,32914,-27,0
78924136,,1,1727,100,49,87,0,4,5988,3,0,4,32914,-27,0
78934132,,1,1722,100,49,87,0,4,5988,3,0,4,32914,-27,0
78944136,,1,1718,100,49,87,0,4,5988,3,0,4,32914,-27,0
78954136,,1,1726,100,49,87,0,4,5988,3,0,4,32914,-27,0
78964138,,1,1736,100,49,87,0,4,5988,3,0,4,32914,-27,0
78974137,,1,1752,100,49,87,0,4,5988,3,0,4,32914,-27,0
78984134,,1,1763,100,49,87,0,4,5988,3,0,4,32914,-27,0
78994137,,1,1773,100,49,87,0,4,5988,3,0,4,32914,-27,0
79004134,,1,1782,100,49,87,0,4,5988,3,0,4,32914,-27,0
79014138,,1,1789,100,49,87,0,4,5988,3,0,4,32914,-27,0
79024136,,1,1791,100,49,87,0,4,5988,3,0,4,32914,-27,0
79034133,,1,1794,100,49,87,0,4,5988,3,0,4,32914,-27,0
79044136,,1,1794,100,49,87,0,4,5988,3,0,4,32914,-27,0
79054135,,1,1794,100,49,87,0,4,5988,3,0,4,32914,-27,0
79064138,,1,1795,100,49,87,0,4,5988,3,0,4,32914,-27,0
79074135,,1,1798,100,49,87,0,4,5988,3,0,4,32914,-27,0
79084134,,1,1813,100,49,87,0,4,5988,3,0,4,32914,-27,0
79094137,,1,1825,100,49,87,0,4,5988,3,0,4,32914,-27,0
79104135,,1,1840,100,49,87,0,4,5988,3,0,4,32915,-27,0
79114133,,1,1869,100,49,87,0,4,5988,3,0,4,32915,-27,0
79124137,,1,1886,100,49,87,0,4,5988,3,0,4,32915,-27,0
79134134,,1,1898,100,49,87,0,4,5988,3,0,4,32915,-27,0
79144134,,1,1946,100,49,87,0,4,5988,2,0,4,32915,-27,0
79154137,,1,1975,100,49,87,0,4,5988,2,0,4,32915,-27,0
79164134,,1,2003,100,49,87,0,4,5988,2,0,4,32915,-27,0
79174132,,1,2069,100,49,87,0,4,5988,2,0,4,32915,-27,0
79184136,,1,2104,100,49,87,0,4,5988,2,0,4,32915,-27,0
79194134,,1,2176,100,49,87,0,4,5988,2,0,4,32915,-27,0
79204138,,1,2198,100,49,87,0,4,5988,2,0,4,32915,-27,0
79214136,,1,2246,100,49,87,0,4,5988,2,0,4,32915,-27,0
79224134,,1,2298,100,49,87,0,4,5988,2,0,4,32915,-27,0
79234132,,1,2321,100,49,87,0,4,5988,3,0,4,32915,-27,0
79244137,,1,2376,100,49,87,0,4,5988,3,0,4,32915,-27,0
79254135,,1,2417,100,49,87,0,4,5988,3,0,4,32915,-27,0
79264132,,1,2438,100,49,87,0,4,5988,3,0,4,32915,-27,0
79274137,,1,2476,100,49,87,0,4,5988,3,0,4,32915,-27,0
79284135,,1,2527,100,49,87,0,4,5988,3,0,4,32915,-27,0
79294138,,1,2551,100,49,87,0,4,5988,3,0,4,32915,-27,0
79304137,,1,2589,100,49,87,0,4,5988,3,0,4,32915,-27,0
79314136,,1,2632,100,49,87,0,4,5988,3,0,4,32915,-27,0
79324136,,1,2677,100,49,87,0,4,5988,4,0,4,32915,-27,0
79334134,,1,2723,100,49,87,0,4,5988,4,0,4,32915,-27,0
79344133,,1,2759,100,49,87,0,4,5988,4,0,4,32915,-27,0
79354136,,1,2774,100,49,87,0,4,5988,4,0,4,32915,-27,0
79364135,,1,2809,100,49,87,0,4,5988,4,0,4,32915,-27,0
79374133,,1,2848,100,49,87,0,4,5988,4,0,4,32915,-27,0
79384138,,1,2889,100,49,87,0,4,5988,4,0,4,32915,-27,0
79394136,,1,2925,100,49,87,0,4,5988,4,0,4,32915,-27,0
79404135,,1,2963,100,49,87,0,4,5988,4,0,4,32915,-27,0
79414135,,2,3008,100,49,87,0,4,5988,4,60,4,32915,-28,0
79424135,,2,3041,100,45,87,0,4,6020,5,59,4,32915,-28,0
79434135,,2,3087,100,41,87,0,4,6102,5,57,4,32915,-28,0
79444139,,2,3123,100,37,87,0,4,6209,5,54,4,32915,-28,0
79454135,,2,3161,100,33,87,0,4,6331,5,50,4,32915,-28,0
79464134,,2,3193,100,30,87,0,4,6460,5,46,4,32915,-28,0
79474137,,2,3222,100,27,87,0,4,6593,5,42,4,32915,-28,0
79484136,,2,3257,100,24,87,0,4,6728,5,38,4,32915,-28,0
79494136,,2,3295,100,20,87,0,4,6863,5,34,4,32915,-28,0
79504139,,2,3321,100,17,87,0,4,6998,5,30,4,32915,-28,0
79514134,,2,3341,100,15,87,0,4,7129,5,26,4,32915,-28,0
79524137,,2,3364,100,13,87,0,4,7258,5,22,4,32915,-28,0
79534137,,2,3384,99,11,87,0,4,7383,5,22,4,32915,-28,0
79544134,,2,3398,97,10,87,0,4,7501,5,27,4,32915,-28,0
79554140,,2,3408,96,9,87,0,4,7615,5,28,4,32915,-28,0
79564133,,2,3416,96,8,87,0,4,7724,5,24,4,32915,-28,0
79574139,,2,3407,97,9,87,0,4,7830,5,17,4,32915,-28,0
79584137,,2,3408,97,9,87,0,4,7928,5,14,4,32915,-28,0
79594133,,2,3405,97,9,88,0,4,8017,5,11,4,32914,-28,0
79604133,,2,3400,98,10,88,0,4,8094,11,5,4,32914,-29,-1
79614137,,2,3394,98,10,88,0,4,8158,11,3,4,32914,-29,-1
79624133,,2,3386,99,11,88,0,4,8206,11,-1,4,32914,-29,-1
79634135,,2,3374,100,12,88,0,4,8228,11,-6,4,32913,-29,-1
79644138,,2,3370,100,13,88,0,4,8226,11,-6,4,32913,-29,-1
79654140,,2,3358,100,14,88,0,4,8215,11,-6,4,32912,-29,-1
79664139,,2,3350,100,15,88,0,4,8199,11,-5,4,32911,-29,-1
79674134,,2,3338,100,16,88,0,4,8180,11,-5,4,32910,-29,-1
79684140,,2,3337,100,16,88,0,4,8164,11,-4,4,32910,-29,-1
79694134,,2,3337,100,16,88,0,4,8154,43,-4,4,32909,-31,-1
79704135,,2,3334,100,16,88,0,4,8149,43,-4,4,32908,-31,-1
79714135,,2,3331,100,16,88,0,4,8145,43,-4,4,32907,-31,24
79724136,,2,3331,100,16,88,0,4,8141,43,-3,4,32920,-31,24
79734139,,2,3331,100,16,88,0,4,8140,43,-3,4,32956,-31,23
79744141,,2,3334,100,16,88,0,4,8140,43,-3,4,33005,-31,22
79754139,,2,3342,100,15,88,0,4,8138,43,-3,4,33061,-31,21
79764136,,2,3343,100,15,88,0,4,8135,43,-3,4,33121,-31,20
79774137,,2,3350,100,15,88,0,4,8131,43,-3,4,33182,-31,-6
79784137,,2,3354,100,14,88,0,4,8128,86,-3,4,33215,-37,-8
79794137,,2,3357,100,14,88,0,4,8125,86,-3,4,33217,-37,-8
79804135,,2,3365,100,13,88,0,4,8121,86,-3,4,33205,-37,-8
79814135,,2,3369,100,13,88,0,4,8119,86,-3,4,33186,-37,-7
79824139,,2,3373,100,12,88,0,4,8116,86,-3,4,33163,-37,-6
79834139,,2,3369,100,13,88,0,4,8113,86,-3,4,33142,-37,-6
79844139,,2,3375,100,12,88,0,4,8110,86,-3,4,33123,-37,19
79854136,,2,3369,100,13,88,0,4,8109,86,-3,4,33121,-37,19
79864137,,2,3371,100,12,88,0,4,8107,86,-2,4,33147,-37,19
79874135,,2,3373,100,12,88,0,4,8106,86,-2,4,33186,-50,16
79884139,,2,3373,100,12,88,0,4,8105,98,-2,4,33227,-50,15
79894137,,2,3377,100,12,88,0,4,8105,98,-2,4,33267,-50,14
79904138,,2,3383,100,11,88,0,4,8103,98,-2,4,33303,-50,13
79914136,,2,3390,99,11,88,0,4,8101,98,1,4,33336,-50,13
79924138,,2,3395,99,10,88,0,4,8101,98,1,4,33365,-50,10
79934141,,2,3394,99,10,88,0,4,8102,98,1,4,33389,-50,9
79944138,,2,3398,99,10,89,0,4,8103,98,1,4,33405,-50,9
79954139,,2,3402,98,9,89,0,4,8104,98,5,4,33416,-50,7
79964136,,2,3400,99,10,89,0,4,8107,98,5,4,33420,-76,2
79974138,,2,3399,99,10,89,0,4,8115,92,0,4,33419,-76,5
79984137,,2,3402,99,9,89,0,4,8124,92,0,4,33418,-76,5
79994135,,2,3414,98,8,89,0,4,8132,92,4,4,33419,-76,3
80004141,,2,3412,98,8,89,0,4,8136,92,4,4,33418,-76,3
80014138,,2,3417,98,8,89,0,4,8136,92,4,4,33418,-76,4
80024139,,2,3415,98,8,89,0,4,8135,92,4,4,33418,-76,4
80034139,,2,3418,98,8,89,0,4,8135,92,4,4,33418,-76,4
80044140,,2,3414,98,8,89,0,4,8136,92,4,4,33418,-76,5
80054138,,2,3421,97,7,90,0,4,8136,92,8,4,33419,-94,-2
80064137,,2,3421,98,7,90,0,4,8139,93,4,4,33417,-94,-2
80074136,,2,3423,97,7,90,0,4,8140,93,8,4,33413,-94,2
80084135,,2,3428,97,7,90,0,4,8142,93,8,4,33410,-94,-1
80094139,,2,3430,97,7,90,0,4,8143,93,8,4,33408,-94,0
80104135,,2,3424,98,7,90,0,4,8144,93,3,4,33406,-94,0
80114140,,2,3426,97,7,90,0,4,8144,93,8,4,33405,-94,1
80124137,,2,3422,98,7,90,0,4,8145,93,3,4,33405,-94,3
80134140,,2,3424,98,7,90,0,4,8145,93,3,4,33406,-94,3
80144140,,2,3424,98,7,90,0,4,8144,93,3,4,33409,-107,1
80154139,,2,3426,98,7,90,0,4,8144,94,3,4,33413,-107,1
80164136,,2,3432,97,6,90,0,4,8144,94,8,4,33415,-107,1
80174139,,2,3424,98,7,90,0,4,8147,94,3,4,33415,-107,2
80184137,,2,3422,98,7,91,0,4,8148,94,3,4,33415,-107,2
80194138,,2,3422,98,7,91,0,4,8147,94,3,4,33415,-107,2
80204139,,2,3422,98,7,91,0,4,8146,94,3,4,33415,-107,2
80214139,,2,3430,98,7,91,0,4,8146,94,3,4,33415,-107,2
80224140,,2,3432,98,6,91,0,4,8146,94,3,4,33415,-107,2
80234136,,2,3438,97,6,91,0,4,8146,94,3,4,33415,-106,-16
80244141,,2,3440,97,6,91,0,4,8146,94,7,4,33404,-106,-17
80254142,,2,3440,97,6,91,0,4,8148,96,7,4,33376,-106,0
80264135,,2,3439,97,6,91,0,4,8150,96,7,4,33345,-106,1
80274139,,2,3440,97,6,91,0,4,8151,96,7,4,33325,-106,2
80284136,,2,3445,97,5,91,0,4,8152,96,7,4,33318,-106,3
80294140,,2,3453,96,4,91,0,4,8153,96,11,4,33318,-106,1
80304135,,2,3454,96,4,91,0,4,8156,96,11,4,33321,-106,0
80314138,,2,3462,95,3,91,0,4,8161,96,15,4,33324,-106,-2
80324141,,2,3462,95,3,91,0,4,8169,96,15,4,33326,-102,-1
80334140,,2,3464,95,3,91,0,4,8180,96,15,4,33326,-102,-1
80344135,,2,3470,94,3,91,0,4,8193,96,19,4,33326,-102,-4
80354138,,2,3468,95,3,91,0,4,8209,96,14,4,33325,-102,-1
80364137,,2,3470,94,3,91,0,4,8227,96,18,4,33322,-102,-4
80374135,,2,3470,95,3,92,0,4,8246,96,13,4,33320,-102,-1
80384136,,2,3466,95,3,92,0,4,8266,96,12,4,33317,-102,0
80394139,,2,3464,95,3,92,0,4,8283,96,12,4,33317,-102,0
80404140,,2,3462,95,3,92,0,4,8295,96,11,4,33317,-102,0
80414141,,2,3464,95,3,92,0,4,8304,96,11,4,33318,-96,1
80424136,,2,3463,95,3,92,0,4,8310,96,11,4,33319,-96,2
80434138,,2,3467,95,3,92,0,4,8315,97,11,4,33321,-96,2
80444140,,2,3470,95,3,92,0,4,8320,97,11,4,33323,-96,2
80454140,,2,3471,95,2,92,0,4,8325,97,10,4,33327,-96,2
80464139,,2,3476,94,2,92,0,4,8330,97,15,4,33332,-96,-1
80474138,,2,3476,94,2,92,0,4,8336,97,14,4,33337,-96,-1
80484140,,2,3480,94,2,92,0,4,8344,97,14,4,33340,-96,-1
80494139,,2,3480,94,2,92,0,4,8353,97,14,4,33342,-96,-1
80504137,,2,3492,93,0,92,0,4,8365,97,18,4,33342,-91,-2
80514136,,2,3492,93,0,92,0,4,8380,97,17,4,33342,-91,-2
80524136,,2,3497,92,0,92,0,4,8400,100,17,4,33339,-91,-2
80534139,,2,3503,92,0,92,0,4,8422,100,20,4,33336,-91,-5
80544138,,2,3504,91,0,92,0,4,8448,100,24,4,33331,-91,-8
80554140,,2,3511,91,-1,92,0,4,8479,100,23,4,33321,-91,-8
80564142,,2,3508,91,0,92,0,4,8515,100,22,4,33305,-91,-6
80574140,,2,3514,90,-1,92,0,4,8553,100,26,4,33290,-91,-8
80584138,,2,3512,91,-1,92,0,4,8596,100,20,4,33275,-91,-5
80594136,,2,3518,90,-1,92,0,4,8641,100,23,4,33261,-90,-5
80604139,,2,3517,90,-1,92,0,4,8685,100,22,4,33250,-90,-7
80614140,,2,3510,91,-1,92,0,4,8732,101,16,4,33240,-90,-3
80624135,,2,3520,90,-2,92,0,4,8775,101,19,4,33231,-90,-6
80634137,,2,3512,91,-1,92,0,4,8813,101,13,4,33225,-90,-3
80644138,,2,3512,91,-1,92,0,4,8847,101,12,4,33219,-90,-2
80654137,,2,3516,90,-1,92,0,4,8872,101,11,4,33217,-90,-1
80664141,,2,3509,91,0,92,0,4,8891,101,11,4,33217,-90,-1
80674136,,2,3517,90,-1,92,0,4,8903,101,11,4,33217,-90,-1
80684135,,2,3517,90,-1,92,0,4,8910,101,15,4,33218,-88,-4
80694138,,2,3512,90,-1,92,0,4,8916,101,15,4,33217,-88,-3
80704137,,2,3512,90,-1,92,0,4,8923,101,14,4,33215,-88,-3
80714138,,2,3507,91,0,92,0,4,8931,103,10,4,33215,-88,0
80724135,,2,3514,90,-1,92,0,4,8938,103,14,4,33215,-88,-3
80734139,,2,3520,90,-2,92,0,4,8944,103,14,4,33215,-88,-2
80744136,,2,3525,89,-2,92,0,4,8953,103,18,4,33215,-88,-2
80754141,,2,3517,90,-1,92,0,4,8965,103,13,4,33214,-88,-2
80764138,,2,3515,90,-1,92,0,4,8979,103,13,4,33214,-88,-2
80774141,,2,3508,91,0,92,0,4,8990,103,8,4,33214,-86,2
80784136,,2,3506,91,0,92,0,4,8996,103,8,4,33215,-86,2
80794135,,2,3506,91,0,92,0,4,8997,103,8,4,33217,-86,2
80804140,,2,3507,91,0,92,0,4,8997,110,8,4,33221,-86,2
80814139,,2,3503,91,0,92,0,4,8998,110,8,4,33225,-86,2
80824139,,2,3499,92,0,92,0,4,8998,110,3,4,33230,-86,5
80834138,,2,3492,92,0,92,0,4,8997,110,3,4,33237,-86,6
80844139,,2,3502,91,0,92,0,4,8996,110,8,4,33248,-86,3
80854139,,2,3503,91,0,92,0,4,8998,110,8,4,33256,-86,2
80864138,,2,3505,91,0,92,0,4,9000,110,8,4,33255,-90,1
80874136,,2,3514,90,-1,92,0,4,9001,110,8,4,33253,-90,2
80884139,,2,3516,90,-1,91,0,4,9001,110,12,4,33250,-90,-1
80894139,,2,3525,89,-2,91,0,4,9004,110,17,4,33248,-90,-4
80904136,,2,3526,89,-2,91,0,4,9011,110,16,4,33246,-90,-3
80914135,,2,3529,89,-2,91,0,4,9022,110,16,4,33240,-90,-3
80924139,,2,3529,88,-2,91,0,4,9035,110,20,4,33234,-90,-6
80934137,,2,3525,89,-2,91,0,4,9052,110,20,4,33225,-90,6
80944140,,2,3520,89,-2,91,0,4,9073,110,15,4,33221,-90,6
80954140,,2,3516,90,-1,91,0,4,9095,110,9,4,33225,-90,0
80964136,,2,3516,90,-1,91,0,4,9111,110,9,4,33232,-94,0
80974139,,2,3511,90,-1,91,0,4,9118,110,9,4,33237,-94,0
80984139,,2,3510,90,-1,91,0,4,9120,108,9,4,33241,-94,0
80994137,,2,3515,90,-1,91,0,4,9121,108,8,4,33243,-94,0
81004139,,2,3516,90,-1,91,0,4,9121,108,8,4,33244,-94,0
81014137,,2,3516,90,-1,91,0,4,9122,108,8,4,33243,-94,1
81024137,,2,3522,89,-2,91,0,4,9122,108,8,4,33243,-94,1
81034138,,2,3521,89,-2,91,0,4,9123,108,13,4,33243,-94,-2
81044137,,2,3520,89,-2,91,0,4,9126,108,13,4,33242,-94,-2
81054141,,2,3521,89,-2,91,0,4,9130,108,13,4,33240,-96,-2
81064137,,2,3518,89,-1,91,0,4,9135,108,13,4,33237,-96,-2
81074138,,2,3524,89,-2,91,0,4,9142,108,12,4,33233,-96,-2
81084136,,2,3526,88,-2,91,0,4,9148,108,17,4,33228,-96,-2
81094139,,2,3535,88,-3,91,0,4,9157,108,17,4,33225,-96,-5
81104136,,2,3537,87,-3,91,0,4,9171,108,16,4,33219,-96,-4
81114136,,2,3539,87,-3,91,0,4,9186,108,21,4,33213,-96,-7
81124137,,2,3538,87,-3,91,0,4,9205,108,20,4,33205,-96,-6
81134139,,2,3544,87,-4,91,0,4,9228,108,19,4,33198,-96,-6
81144140,,2,3540,87,-4,91,0,4,9254,108,18,4,33191,-98,-6
81154134,,2,3540,87,-4,91,0,4,9281,108,18,4,33185,-98,-5
81164139,,2,3539,87,-3,91,0,4,9308,108,17,4,33180,-98,-5
81174135,,2,3548,86,-4,91,0,4,9334,108,21,4,33176,-98,-8
81184141,,2,3548,86,-4,91,0,4,9361,108,20,4,33171,-98,-8
81194136,,2,3557,85,-5,91,0,4,9389,108,24,4,33164,-98,-8
81204137,,2,3556,85,-5,91,0,4,9420,108,23,4,33156,-98,-11
81214137,,2,3563,84,-6,91,0,4,9454,108,27,4,33146,-98,-14
81224140,,2,3563,84,-6,90,0,4,9492,108,26,4,33130,-98,-13
81234140,,2,3561,84,-6,90,0,4,9534,108,25,4,33108,-99,-13
81244139,,2,3563,84,-6,90,0,4,9577,108,23,4,33083,-99,-12
81254139,,2,3561,84,-6,90,0,4,9621,108,22,4,33056,-99,-10
81264137,,2,3561,84,-6,90,0,4,9661,107,21,4,33029,-99,-9
81274137,,2,3564,84,-6,90,0,4,9700,107,20,4,33002,-99,-9
81284138,,2,3563,84,-6,90,0,4,9736,107,19,4,32976,-99,-8
81294140,,2,3552,85,-5,90,0,4,9770,107,13,4,32952,-99,-4
81304137,,2,3561,84,-6,90,0,4,9797,107,17,4,32931,-99,-6
81314139,,2,3561,84,-6,90,0,4,9819,107,16,4,32914,-99,-6
81324139,,2,3554,84,-5,90,0,4,9836,107,16,4,32899,-99,-4
81334137,,2,3553,84,-5,90,0,4,9850,107,15,4,32887,-99,-4
81344137,,2,3559,84,-5,90,0,4,9862,107,15,4,32878,-99,-4
81354136,,2,3557,84,-5,90,0,4,9873,113,15,4,32872,-99,-4
81364142,,2,3551,84,-5,90,0,4,9883,113,14,4,32868,-99,-4
81374140,,2,3547,85,-4,90,0,4,9891,113,9,4,32866,-99,1
81384139,,2,3541,85,-4,90,0,4,9894,113,9,4,32867,-99,1
81394135,,2,3530,87,-3,90,0,4,9894,113,0,4,32868,-99,7
81404140,,2,3537,86,-3,89,0,4,9891,113,4,4,32874,-99,4
81414137,,2,3542,85,-4,89,0,4,9888,113,9,4,32884,-97,1
81424141,,2,3556,84,-5,89,0,4,9894,113,14,4,32895,-97,-2
81434138,,2,3561,83,-6,89,0,4,9903,113,19,4,32901,-97,-6
81444138,,2,3568,82,-6,89,0,4,9916,121,23,4,32899,-97,-10
81454135,,2,3574,82,-7,89,0,4,9936,121,23,4,32889,-97,-9
81464134,,2,3578,81,-7,89,0,4,9962,121,27,4,32871,-97,-12
81474140,,2,3587,80,-8,89,0,4,9995,121,31,4,32850,-97,-16
81484139,,2,3587,80,-8,89,0,4,10036,121,30,4,32824,-97,-14
81494138,,2,3596,79,-9,89,0,4,10084,121,34,4,32794,-97,-16
81504141,,2,3595,79,-9,89,0,4,10138,121,33,4,32760,-94,-16
81514135,,2,3588,80,-8,89,0,4,10197,121,25,4,32723,-94,-10
81524136,,2,3582,80,-8,89,0,4,10254,121,24,4,32685,-94,-9
81534137,,2,3578,81,-7,88,0,4,10308,121,22,4,32648,-94,-8
81544142,,2,3584,80,-8,88,0,4,10358,121,21,4,32614,-94,-7
81554138,,2,3589,79,-8,88,0,4,10402,121,25,4,32584,-94,-9
81564141,,2,3585,80,-8,88,0,4,10445,121,18,4,32556,-94,-5
81574139,,2,3586,80,-8,88,0,4,10485,121,17,4,32531,-94,-3
81584138,,2,3585,80,-8,88,0,4,10519,121,16,4,32510,-94,-2
81594137,,2,3585,79,-8,88,0,4,10546,121,20,4,32496,-99,-7
81604135,,2,3590,79,-9,88,0,4,10570,121,20,4,32484,-99,-6
81614139,,2,3589,79,-8,88,0,4,10595,121,19,4,32473,-99,-6
81624140,,2,3594,78,-9,88,0,4,10620,121,24,4,32464,-99,-9
81634137,,2,3594,78,-9,88,0,4,10647,116,23,4,32454,-99,-9
81644141,,2,3593,78,-9,87,0,4,10677,116,22,4,32443,-99,-9
81654139,,2,3600,77,-10,87,0,4,10707,116,26,4,32430,-99,-12
81664137,,2,3593,78,-9,87,0,4,10739,116,25,4,32414,-99,-11
81674137,,2,3590,78,-9,87,0,4,10776,116,19,4,32395,-99,-6
81684135,,2,3589,78,-8,87,0,4,10811,116,18,4,32377,-98,-6
81694136,,2,3585,79,-8,87,0,4,10842,116,17,4,32362,-98,-5
81704136,,2,3580,79,-8,87,0,4,10868,116,11,4,32350,-98,-1
81714139,,2,3595,77,-9,87,0,4,10886,116,21,4,32342,-98,-8
81724136,,2,3582,79,-8,87,0,4,10901,123,10,4,32336,-98,42
81734137,,2,3580,79,-8,87,0,4,10912,123,9,4,32337,-98,42
81744135,,2,3582,78,-8,87,0,4,10915,123,15,4,32348,-98,-5
81754135,,2,3574,79,-7,87,0,4,10917,123,9,4,32360,-98,-1
81764137,,2,3572,79,-7,86,0,4,10919,123,9,4,32364,-98,-2
81774135,,2,3567,80,-6,86,0,4,10919,123,4,4,32366,-96,3
81784139,,2,3573,79,-7,86,0,4,10917,123,9,4,32366,-96,-1
81794140,,2,3581,78,-8,86,0,4,10918,123,15,4,32366,-96,-4
81804136,,2,3589,77,-8,86,0,4,10923,123,14,4,32364,-96,-4
81814137,,2,3590,77,-9,86,0,4,10931,126,20,4,32358,-96,-8
81824135,,2,3584,78,-8,86,0,4,10942,126,14,4,32348,-96,-4
81834135,,2,3594,76,-9,86,0,4,10955,126,25,4,32335,-96,-11
81844135,,2,3591,77,-9,86,0,4,10969,126,19,4,32322,-96,-7
81854140,,2,3596,76,-9,86,0,4,10988,126,24,4,32309,-96,-10
81864135,,2,3586,77,-8,86,0,4,11012,126,17,4,32295,-100,-6
81874135,,2,3587,77,-8,86,0,4,11036,126,17,4,32281,-100,-5
81884136,,2,3589,77,-8,85,0,4,11058,126,16,4,32270,-100,-5
81894139,,2,3584,77,-8,85,0,4,11075,126,15,4,32262,-100,-5
81904138,,2,3587,77,-8,85,0,4,11089,126,15,4,32256,-100,-5
81914141,,2,3587,76,-8,85,0,4,11099,123,20,4,32252,-100,-8
81924139,,2,3586,77,-8,85,0,4,11110,123,14,4,32248,-100,-3
81934136,,2,3589,76,-8,85,0,4,11123,123,20,4,32243,-100,-3
81944135,,2,3591,76,-9,85,0,4,11138,123,19,4,32242,-100,-7
81954136,,2,3594,75,-9,85,0,4,11156,123,24,4,32240,-106,-8
81964140,,2,3595,75,-9,85,0,4,11176,123,24,4,32235,-106,-13
81974138,,2,3591,76,-9,85,0,4,11203,123,17,4,32225,-106,-7
81984137,,2,3591,75,-9,85,0,4,11230,123,22,4,32213,-106,-11
81994140,,2,3595,75,-9,84,0,4,11256,123,21,4,32199,-106,-11
82004139,,2,3594,75,-9,84,0,4,11284,120,21,4,32182,-106,-10
82014139,,2,3585,76,-8,84,0,4,11310,120,14,4,32164,-106,-6
82024139,,2,3596,75,-9,84,0,4,11332,120,19,4,32147,-106,-9
82034136,,2,3595,75,-9,84,0,4,11350,120,19,4,32131,-106,-9
82044139,,2,3595,74,-9,84,0,4,11367,120,24,4,32114,-107,-12
82054139,,2,3594,75,-9,84,0,4,11389,120,17,4,32096,-107,-7
82064137,,2,3601,74,-10,84,0,4,11413,120,22,4,32078,-107,-7
82074137,,2,3614,72,-11,84,0,4,11435,120,34,4,32061,-107,-18
82084139,,2,3615,72,-11,84,0,4,11466,120,33,4,32041,-107,-18
82094135,,2,3611,72,-11,83,0,4,11508,125,32,4,32013,-107,-17
82104140,,2,3612,72,-11,83,0,4,11556,125,30,4,31978,-107,-16
82114136,,2,3620,71,-12,83,0,4,11608,125,35,4,31939,-107,-15
82124138,,2,3618,71,-11,83,0,4,11663,125,33,4,31897,-107,-18
82134138,,2,3616,71,-11,83,0,4,11721,125,31,4,31851,-107,-16
82144141,,2,3614,71,-11,83,0,4,11780,125,30,4,31801,-107,-15
82154143,,2,3604,72,-10,83,0,4,11838,125,22,4,31750,-107,-9
82164135,,2,3604,72,-10,83,0,4,11892,125,20,4,31699,-107,-7
82174139,,2,3604,72,-10,83,0,4,11940,125,19,4,31652,-107,-6
82184138,,2,3618,71,-11,82,0,4,11981,127,24,4,31608,-107,-9
82194137,,2,3618,71,-11,82,0,4,12019,127,22,4,31568,-107,-8
82204138,,2,3613,71,-11,82,0,4,12055,127,21,4,31531,-107,-7
82214137,,2,3622,70,-12,82,0,4,12091,127,26,4,31496,-107,-6
82224139,,2,3611,71,-11,82,0,4,12128,127,19,4,31465,-104,-4
82234137,,2,3616,70,-11,82,0,4,12166,127,24,4,31439,-104,-7
82244135,,2,3618,70,-11,82,0,4,12203,127,23,4,31416,-104,-6
82254136,,2,3625,69,-12,82,0,4,12242,127,22,4,31395,-104,-6
82264137,,2,3618,70,-11,82,0,4,12279,127,21,4,31377,-104,-5
82274141,,2,3615,70,-11,81,0,4,12316,127,20,4,31360,-104,-5
82284137,,2,3616,70,-11,81,0,4,12350,131,19,4,31347,-104,-4
82294136,,2,3618,69,-11,81,0,4,12383,131,24,4,31337,-104,-4
82304139,,2,3624,69,-12,81,0,4,12417,131,23,4,31330,-104,-8
82314138,,2,3620,69,-12,81,0,4,12453,131,22,4,31323,-104,-8
82324139,,2,3627,68,-12,81,0,4,12489,131,27,4,31315,-96,-10
82334139,,2,3632,67,-13,81,0,4,12527,131,33,4,31303,-96,-15
82344137,,2,3627,68,-12,81,0,4,12570,131,25,4,31287,-96,-9
82354138,,2,3624,68,-12,80,0,4,12618,131,23,4,31267,-96,-9
82364137,,2,3624,68,-12,80,0,4,12663,131,22,4,31246,-96,-8
82374137,,2,3620,68,-12,80,0,4,12704,133,21,4,31226,-96,-7
82384138,,2,3616,68,-11,80,0,4,12741,133,20,4,31207,-96,-7
82394140,,2,3615,68,-11,80,0,4,12776,133,19,4,31190,-96,-6
82404135,,2,3618,68,-11,80,0,4,12807,133,18,4,31175,-96,-6
82414141,,2,3622,67,-12,80,0,4,12835,133,24,4,31163,-94,-9
82424135,,2,3624,67,-12,80,0,4,12861,133,23,4,31150,-94,-9
82434140,,2,3615,68,-11,79,0,4,12891,133,15,4,31136,-94,-4
82444136,,2,3614,68,-11,79,0,4,12919,133,14,4,31123,-94,-3
82454138,,2,3604,69,-10,79,0,4,12939,133,7,4,31114,-94,1
82464135,,2,3602,69,-10,79,0,4,12950,130,7,4,31111,-94,62
82474140,,2,3600,69,-10,79,0,4,12950,130,7,4,31118,-94,1
82484138,,2,3605,68,-10,79,0,4,12950,130,13,4,31128,-94,-3
82494136,,2,3609,68,-10,79,0,4,12952,130,13,4,31135,-94,-4
82504140,,2,3620,67,-12,79,0,4,12956,130,20,4,31136,-100,-9
82514142,,2,3623,66,-12,79,0,4,12963,130,26,4,31130,-100,-14
82524137,,2,3626,66,-12,78,0,4,12981,130,26,4,31115,-100,-13
82534140,,2,3629,65,-12,78,0,4,13007,130,32,4,31092,-100,-17
82544137,,2,3629,65,-12,78,0,4,13042,130,31,4,31064,-100,-16
82554140,,2,3636,64,-13,78,0,4,13085,131,36,4,31029,-100,-20
82564138,,2,3636,64,-13,78,0,4,13136,131,35,4,30990,-100,-19
82574140,,2,3632,65,-13,78,0,4,13192,131,26,4,30944,-100,-13
82584139,,2,3631,65,-13,78,0,4,13249,131,25,4,30896,-100,-11
82594135,,2,3634,64,-13,78,0,4,13302,131,30,4,30848,-104,-16
82604137,,2,3635,64,-13,77,0,4,13352,131,28,4,30801,-104,-14
82614139,,2,3633,64,-13,77,0,4,13404,131,27,4,30751,-104,-12
82624137,,2,3635,64,-13,77,0,4,13456,131,25,4,30702,-104,-10
82634137,,2,3635,63,-13,77,0,4,13505,131,31,4,30655,-104,-15
82644136,,2,3632,64,-13,77,0,4,13554,128,29,4,30607,-104,-13
82654135,,2,3636,63,-13,77,0,4,13604,128,28,4,30557,-104,-11
82664134,,2,3631,63,-13,77,0,4,13655,128,26,4,30508,-104,-9
82674142,,2,3634,63,-13,76,0,4,13705,128,25,4,30461,-104,-8
82684134,,2,3629,63,-12,76,0,4,13753,128,23,4,30416,-108,-7
82694138,,2,3631,63,-13,76,0,4,13798,128,22,4,30374,-108,-6
82704140,,2,3627,63,-12,76,0,4,13840,128,21,4,30335,-108,-5
82714141,,2,3622,64,-12,76,0,4,13877,128,13,4,30301,-108,1
82724138,,2,3617,64,-11,76,0,4,13908,128,12,4,30279,-108,2
82734139,,2,3617,64,-11,76,0,4,13927,128,11,4,30270,-108,2
82744138,,2,3615,64,-11,76,0,4,13936,130,11,4,30268,-108,2
82754138,,2,3609,65,-10,75,0,4,13939,130,4,4,30270,-108,8
82764136,,2,3613,64,-11,75,0,4,13937,130,4,4,30276,-108,7
82774137,,2,3615,64,-11,75,0,4,13935,130,11,4,30289,-101,3
82784136,,2,3615,64,-11,75,0,4,13939,130,11,4,30304,-101,3
82794138,,2,3618,63,-11,75,0,4,13942,130,18,4,30318,-101,-3
82804141,,2,3619,63,-11,75,0,4,13947,130,18,4,30320,-101,-3
82814138,,2,3611,64,-11,75,0,4,13955,130,10,4,30315,-101,2
82824137,,2,3611,64,-11,75,0,4,13961,130,10,4,30311,-101,3
82834136,,2,3606,64,-10,75,0,4,13963,136,10,4,30309,-101,3
82844139,,2,3614,63,-11,74,0,4,13963,136,17,4,30311,-101,-2
82854139,,2,3611,63,-11,74,0,4,13966,136,17,4,30312,-101,-2
82864138,,2,3620,62,-12,74,0,4,13973,136,24,4,30312,-93,-6
82874140,,2,3623,62,-12,74,0,4,13987,136,24,4,30307,-93,-6
82884135,,2,3630,61,-13,74,0,4,14012,136,30,4,30298,-93,-11
82894141,,2,3626,61,-12,74,0,4,14045,136,29,4,30282,-93,-11
82904138,,2,3628,61,-12,74,0,4,14086,136,28,4,30259,-93,-9
82914138,,2,3629,61,-12,74,0,4,14130,136,27,4,30235,-93,-8
82924138,,2,3633,60,-13,73,0,4,14176,132,33,4,30211,-93,-14
82934141,,2,3631,60,-13,73,0,4,14225,132,31,4,30186,-93,-12
82944139,,2,3630,60,-13,73,0,4,14278,132,30,4,30157,-93,-11
82954139,,2,3628,60,-12,73,0,4,14333,132,28,4,30126,-99,-11
82964138,,2,3630,60,-13,73,0,4,14386,132,27,4,30095,-99,-10
82974141,,2,3636,59,-13,73,0,4,14438,132,33,4,30062,-99,-15
82984136,,2,3640,59,-14,73,0,4,14490,132,31,4,30028,-99,-13
82994139,,2,3643,58,-14,73,0,4,14545,132,37,4,29990,-99,-19
83004136,,2,3636,59,-13,72,0,4,14601,132,28,4,29949,-99,-17
83014138,,2,3629,59,-12,72,0,4,14658,126,26,4,29902,-99,-10
83024141,,2,3630,59,-13,72,0,4,14712,126,24,4,29853,-99,-8
83034140,,2,3630,59,-13,72,0,4,14761,126,23,4,29807,-99,-7
83044139,,2,3633,59,-13,72,0,4,14806,126,22,4,29766,-104,-7
83054140,,2,3630,59,-13,72,0,4,14847,126,20,4,29728,-104,-5
83064141,,2,3626,59,-12,72,0,4,14883,126,19,4,29694,-104,-4
83074136,,2,3618,60,-11,71,0,4,14914,126,11,4,29665,-104,-4
83084140,,2,3620,59,-12,71,0,4,14938,126,18,4,29641,-104,-3
83094135,,2,3614,60,-11,71,0,4,14953,126,9,4,29622,-104,3
83104140,,2,3616,60,-11,71,0,4,14963,126,9,4,29612,-104,3
83114135,,2,3613,60,-11,71,0,4,14964,133,9,4,29611,-104,3
83124141,,2,3615,59,-11,71,0,4,14964,133,17,4,29614,-104,-2
83134140,,2,3616,59,-11,71,0,4,14969,133,17,4,29616,-100,-1
83144136,,2,3620,59,-12,71,0,4,14979,133,16,4,29617,-100,-1
83154141,,2,3611,59,-11,71,0,4,14989,133,16,4,29617,-100,-1
83164141,,2,3618,59,-11,70,0,4,14999,133,16,4,29617,-100,-1
83174136,,2,3626,58,-12,70,0,4,15008,133,23,4,29616,-100,-6
83184136,,2,3628,57,-12,70,0,4,15022,133,31,4,29614,-100,-6
83194138,,2,3622,58,-12,70,0,4,15048,133,22,4,29611,-100,-6
83204140,,2,3633,57,-13,70,0,4,15083,140,29,4,29606,-100,-12
83214134,,2,3641,56,-14,70,0,4,15120,140,36,4,29598,-100,-17
83224138,,2,3646,55,-14,70,0,4,15165,140,43,4,29581,-96,-21
83234135,,2,3652,54,-15,70,0,4,15220,140,50,4,29554,-96,-27
83244137,,2,3654,54,-15,69,0,4,15287,140,48,4,29515,-96,-25
83254140,,2,3656,54,-15,69,0,4,15362,140,45,4,29464,-96,-24
83264137,,2,3651,54,-15,69,0,4,15441,140,43,4,29406,-96,-22
83274137,,2,3654,53,-15,69,0,4,15519,140,49,4,29342,-96,-26
83284137,,2,3653,53,-15,69,0,4,15599,140,47,4,29273,-96,-24
83294138,,2,3655,53,-15,69,0,4,15681,136,44,4,29200,-96,-22
83304138,,2,3654,53,-15,68,0,4,15763,136,42,4,29125,-96,-20
83314138,,2,3649,53,-14,68,0,4,15843,136,39,4,29047,-101,-20
83324141,,2,3642,54,-14,68,0,4,15920,136,29,4,28968,-101,-11
83334138,,2,3642,54,-14,68,0,4,15991,136,26,4,28890,-101,-9
83344138,,2,3644,53,-14,68,0,4,16055,136,24,4,28817,-101,-7
83354139,,2,3645,53,-14,68,0,4,16110,136,31,4,28749,-101,-11
83364142,,2,3640,54,-14,68,0,4,16163,136,21,4,28685,-101,-2
83374140,,2,3648,53,-14,67,0,4,16213,136,28,4,28625,-101,-7
83384138,,2,3647,53,-14,67,0,4,16260,135,27,4,28571,-101,-5
83394134,,2,3649,52,-14,67,0,4,16310,135,34,4,28522,-101,-10
83404134,,2,3649,52,-14,67,0,4,16363,135,33,4,28477,-101,-9
83414137,,2,3656,51,-15,67,0,4,16422,135,40,4,28433,-101,-14
83424134,,2,3658,51,-15,67,0,4,16487,135,38,4,28389,-101,-12
83434135,,2,3656,51,-15,66,0,4,16557,135,36,4,28344,-101,-11
83444137,,2,3655,51,-15,66,0,4,16629,135,33,4,28300,-101,-10
83454136,,2,3651,51,-15,66,0,4,16701,135,31,4,28255,-101,-8
83464137,,2,3647,51,-14,66,0,4,16770,135,29,4,28212,-101,-7
83474142,,2,3649,51,-14,66,0,4,16835,148,27,4,28171,-101,-6
83484138,,2,3649,51,-14,66,0,4,16896,148,26,4,28135,-101,-5
83494139,,2,3646,51,-14,66,0,4,16951,148,24,4,28102,-89,-2
83504140,,2,3653,50,-15,65,0,4,17002,148,31,4,28073,-89,-7
83514138,,2,3649,50,-14,65,0,4,17053,148,30,4,28048,-89,-7
83524141,,2,3648,50,-14,65,0,4,17105,148,28,4,28026,-89,-6
83534136,,2,3646,50,-14,65,0,4,17157,148,27,4,28005,-89,-5
83544139,,2,3647,50,-14,65,0,4,17208,148,25,4,27986,-89,-5
83554137,,2,3651,50,-15,65,0,4,17257,148,24,4,27970,-89,-4
83564137,,2,3666,48,-16,65,0,4,17305,148,41,4,27957,-89,-18
83574134,,2,3671,47,-17,64,0,4,17358,144,49,4,27939,-89,-23
83584138,,2,3677,46,-17,64,0,4,17422,144,57,4,27908,-87,-29
83594141,,2,3686,45,-18,64,0,4,17497,144,65,4,27863,-87,-35
83604141,,2,3687,45,-18,64,0,4,17581,144,63,4,27803,-87,-34
83614137,,2,3685,45,-18,64,0,4,17673,144,60,4,27730,-87,-31
83624142,,2,3683,45,-18,63,0,4,17768,144,57,4,27647,-87,-29
83634138,,2,3681,45,-18,63,0,4,17863,144,54,4,27559,-87,-26
83644141,,2,3677,45,-17,63,0,4,17956,144,51,4,27468,-87,-24
83654140,,2,3676,45,-17,63,0,4,18048,144,49,4,27375,-87,-21
83664141,,2,3675,45,-17,63,0,4,18137,141,46,4,27281,-87,-19
83674141,,2,3669,46,-16,63,0,4,18223,141,33,4,27188,-87,-9
83684139,,2,3661,46,-16,62,0,4,18303,141,31,4,27097,-89,-6
83694140,,2,3654,47,-15,62,0,4,18374,141,19,4,27011,-89,4
83704136,,2,3649,47,-14,62,0,4,18434,141,17,4,26960,-89,5
83714140,,2,3646,47,-14,62,0,4,18481,141,16,4,26943,-89,6
83724140,,2,3637,48,-13,62,0,4,18516,141,5,4,26941,-89,14
83734136,,2,3638,48,-13,62,0,4,18534,141,4,4,26953,-89,14
83744138,,2,3634,48,-13,62,0,4,18536,141,4,4,26978,-89,13
83754140,,2,3640,47,-14,61,0,4,18532,146,14,4,27010,-89,5
83764138,,2,3646,47,-14,61,0,4,18536,146,14,4,27035,-89,4
83774139,,2,3650,46,-15,61,0,4,18543,146,24,4,27048,-89,-5
83784138,,2,3654,46,-15,61,0,4,18554,146,23,4,27048,-89,-5
83794140,,2,3654,45,-15,61,0,4,18574,146,33,4,27041,-89,-12
83804136,,2,3652,45,-15,61,0,4,18602,146,32,4,27027,-89,-11
83814137,,2,3659,45,-15,60,0,4,18641,146,31,4,27004,-89,-11
83824136,,2,3652,45,-15,60,0,4,18687,146,29,4,26978,-89,-10
83834140,,2,3653,45,-15,60,0,4,18734,146,28,4,26951,-89,-9
83844142,,2,3652,45,-15,60,0,4,18782,154,27,4,26923,-89,-8
83854136,,2,3647,45,-14,60,0,4,18827,154,25,4,26897,-89,-6
83864141,,2,3648,45,-14,60,0,4,18871,154,24,4,26872,-83,-5
83874135,,2,3647,45,-14,60,0,4,18912,154,23,4,26850,-83,-4
83884139,,2,3649,45,-14,59,0,4,18951,154,21,4,26832,-83,-3
83894137,,2,3650,44,-15,59,0,4,18986,154,31,4,26817,-83,-11
83904137,,2,3647,44,-14,59,0,4,19023,154,30,4,26800,-83,-10
83914139,,2,3652,44,-15,59,0,4,19066,154,28,4,26781,-83,-10
83924137,,2,3653,44,-15,59,0,4,19110,154,27,4,26760,-83,-9
83934136,,2,3657,43,-15,59,0,4,19154,154,36,4,26738,-83,-16
83944141,,2,3658,43,-15,59,0,4,19200,142,35,4,26712,-83,-15
83954137,,2,3662,42,-16,58,0,4,19252,142,44,4,26680,-94,-24
83964141,,2,3662,42,-16,58,0,4,19310,142,42,4,26640,-94,-23
83974138,,2,3663,42,-16,58,0,4,19374,142,41,4,26590,-94,-22
83984139,,2,3665,41,-16,58,0,4,19441,142,50,4,26532,-94,-28
83994140,,2,3669,41,-16,58,0,4,19513,142,47,4,26467,-94,-26
84004137,,2,3672,40,-17,58,0,4,19590,142,56,4,26395,-94,-32
84014137,,2,3681,39,-18,57,0,4,19671,142,66,4,26315,-94,-39
84024139,,2,3678,39,-17,57,0,4,19759,142,63,4,26227,-94,-36
84034140,,2,3677,39,-17,57,0,4,19853,145,60,4,26132,-94,-33
84044138,,2,3683,39,-18,57,0,4,19948,145,57,4,26033,-97,-31
84054136,,2,3678,39,-17,57,0,4,20043,145,54,4,25931,-97,-28
84064139,,2,3685,38,-18,56,0,4,20136,145,52,4,25827,-97,-25
84074137,,2,3675,39,-17,56,0,4,20227,145,49,4,25724,-97,-22
84084138,,2,3670,39,-17,56,0,4,20316,145,46,4,25621,-97,-20
84094139,,2,3665,39,-16,56,0,4,20401,145,44,4,25520,-97,-17
84104140,,2,3658,40,-15,56,0,4,20484,145,30,4,25421,-97,-5
84114140,,2,3654,40,-15,56,0,4,20561,145,27,4,25327,-97,-2
84124141,,2,3650,40,-15,55,0,4,20629,153,25,4,25240,-97,0
84134141,,2,3647,41,-14,55,0,4,20688,153,12,4,25160,-92,12
84144139,,2,3640,41,-14,55,0,4,20735,153,11,4,25118,-92,13
84154136,,2,3637,41,-13,55,0,4,20763,153,10,4,25114,-92,13
84164136,,2,3637,41,-13,55,0,4,20776,153,10,4,25127,-92,13
84174137,,2,3628,42,-12,55,0,4,20777,153,-1,4,25153,-92,12
84184139,,2,3629,42,-12,55,0,4,20772,153,0,4,25182,-92,21
84194139,,2,3629,42,-12,55,0,4,20766,153,0,4,25213,-92,20
84204140,,2,3630,41,-13,54,0,4,20760,153,10,4,25249,-92,9
84214138,,2,3638,40,-13,54,0,4,20761,162,21,4,25283,-92,0
84224136,,2,3640,40,-14,54,0,4,20779,162,21,4,25304,-80,1
84234139,,2,3647,39,-14,54,0,4,20809,162,31,4,25309,-80,-8
84244137,,2,3651,39,-15,54,0,4,20845,162,30,4,25304,-80,-7
84254138,,2,3656,38,-15,54,0,4,20889,162,41,4,25291,-80,-16
84264136,,2,3661,37,-16,54,0,4,20942,162,39,4,25268,-80,-15
84274141,,2,3659,37,-15,53,0,4,21003,162,50,4,25237,-80,-23
84284136,,2,3666,37,-16,53,0,4,21072,162,48,4,25199,-80,-21
84294136,,2,3659,37,-15,53,0,4,21147,162,45,4,25152,-80,-20
84304139,,2,3663,37,-16,53,0,4,21225,162,43,4,25099,-80,-18
84314139,,2,3661,37,-16,53,0,4,21302,157,41,4,25043,-75,-17
84324140,,2,3662,36,-16,53,0,4,21378,157,51,4,24984,-75,-23
84334141,,2,3663,36,-16,52,0,4,21455,157,48,4,24920,-75,-22
84344137,,2,3657,37,-15,52,0,4,21534,157,34,4,24852,-75,-11
84354137,,2,3661,36,-16,52,0,4,21611,157,44,4,24783,-75,-17
84364140,,2,3661,36,-16,52,0,4,21686,157,42,4,24715,-75,-16
84374139,,2,3668,35,-16,52,0,4,21762,157,52,4,24646,-75,-23
84384141,,2,3669,35,-16,52,0,4,21844,157,49,4,24575,-75,-21
84394137,,2,3672,34,-17,51,0,4,21928,157,47,4,24500,-75,-19
84404138,,2,3672,34,-17,51,0,4,22014,140,57,4,24424,-91,-29
84414139,,2,3678,33,-17,51,0,4,22102,140,68,4,24343,-91,-37
84424136,,2,3680,33,-18,51,0,4,22195,140,65,4,24255,-91,-35
84434137,,2,3677,33,-17,51,0,4,22293,140,62,4,24159,-91,-32
84444138,,2,3674,33,-17,51,0,4,22392,140,59,4,24059,-91,-29
84454136,,2,3672,33,-17,50,0,4,22490,140,56,4,23957,-91,-26
84464141,,2,3667,33,-16,50,0,4,22587,140,53,4,23852,-91,-23
84474135,,2,3663,34,-16,50,0,4,22681,140,37,4,23748,-91,-10
84484142,,2,3656,34,-15,50,0,4,22770,140,35,4,23645,-91,-7
84494140,,2,3640,36,-14,50,0,4,22850,149,7,4,23547,-88,17
84504139,,2,3633,36,-13,50,0,4,22910,149,5,4,23494,-88,18
84514138,,2,3618,38,-11,49,0,4,22943,149,-20,4,23493,-88,37
84524140,,2,3609,38,-10,49,0,4,22937,149,-20,4,23525,-88,36
84534138,,2,3600,39,-10,49,0,4,22905,149,-30,4,23584,-88,43
84544140,,2,3583,41,-8,49,0,4,22858,149,-52,4,23654,-88,59
84554140,,2,3578,41,-7,49,0,4,22795,149,-50,4,23736,-88,57
84564140,,2,3569,42,-6,49,0,4,22713,149,-59,4,23827,-88,62
84574138,,2,3569,42,-6,49,0,4,22618,149,-56,4,23925,-88,59
84584140,,2,3573,42,-7,49,0,4,22511,157,-53,4,24027,-77,58
84594138,,2,3580,41,-8,49,0,4,22399,157,-38,4,24131,-77,47
84604141,,2,3583,40,-8,49,0,4,22284,157,-23,4,24234,-77,35
84614141,,2,3584,40,-8,49,0,4,22172,157,-20,4,24332,-77,32
84624142,,2,3593,39,-9,49,0,4,22066,157,-5,4,24424,-77,21
84634140,,2,3594,39,-9,48,0,4,21966,157,-2,4,24509,-77,18
84644137,,2,3604,38,-10,48,0,4,21875,157,11,4,24584,-77,16
84654141,,2,3602,38,-10,48,0,4,21831,157,13,4,24649,-77,5
84664140,,2,3611,37,-11,48,0,4,21830,157,25,4,24700,-77,-6
84674137,,2,3627,35,-12,48,0,4,21857,158,49,4,24723,-74,-24
84684139,,2,3629,35,-12,48,0,4,21912,158,47,4,24710,-74,-24
84694139,,2,3645,33,-14,48,0,4,21980,158,72,4,24674,-74,-44
84704140,,2,3657,32,-15,48,0,4,22060,158,83,4,24618,-74,-53
84714137,,2,3674,30,-17,47,0,4,22155,158,100,4,24541,-74,-73
84724139,,2,3683,29,-18,47,0,4,22261,158,100,4,24445,-74,-82
84734139,,2,3697,27,-19,47,0,4,22375,158,100,4,24332,-74,-104
84744140,,2,3704,26,-20,47,0,4,22493,158,100,4,24208,-74,-113
84754136,,2,3706,26,-20,47,0,4,22613,158,100,4,24077,-74,-109
84764139,,2,3714,25,-21,46,0,4,22733,158,100,4,23941,-107,-124
84774140,,2,3711,25,-21,46,0,4,22854,124,100,4,23804,-107,-120
84784138,,2,3711,25,-21,46,0,4,22974,124,100,4,23666,-107,-117
84794140,,2,3702,26,-20,46,0,4,23094,124,100,4,23527,-107,-99
84804140,,2,3697,26,-19,46,0,4,23214,124,100,4,23388,-107,-95
84814140,,2,3691,26,-19,45,0,4,23335,124,100,4,23248,-107,-91
84824142,,2,3682,27,-18,45,0,4,23456,124,100,4,23108,-107,-74
84834140,,2,3677,27,-17,45,0,4,23577,124,100,4,22969,-107,-70
84844136,,2,3667,28,-16,45,0,4,23698,124,92,4,22831,-107,-53
84854137,,2,3659,29,-15,45,0,4,23818,124,73,4,22693,-111,-37
84864138,,2,3646,30,-14,45,0,4,23934,125,55,4,22558,-111,-23
84874135,,2,3636,31,-13,44,0,4,24042,125,37,4,22425,-111,-7
84884138,,2,3631,31,-13,44,0,4,24141,125,34,4,22297,-111,-3
84894137,,2,3620,32,-12,44,0,4,24227,125,32,4,22175,-111,0
84904137,,2,3620,32,-12,44,0,4,24305,125,16,4,22059,-111,15
84914137,,2,3615,32,-11,44,0,4,24371,125,14,4,21995,-111,17
84924137,,2,3614,32,-11,44,0,4,24417,125,12,4,21990,-111,17
84934140,,2,3612,33,-11,44,0,4,24446,125,-1,4,22008,-111,27
84944181,,2,3602,33,-10,44,0,4,24454,125,-2,4,22047,-80,31
84954135,,2,3597,34,-9,44,0,4,24447,157,-15,4,22101,-80,40
84964139,,2,3589,35,-8,43,0,4,24431,157,-27,4,22169,-80,48
84974140,,2,3593,34,-9,43,0,4,24396,157,-13,4,22248,-80,36
84984139,,2,3597,34,-9,43,0,4,24351,157,-12,4,22335,-80,33
84994140,,2,3611,32,-11,43,0,4,24308,157,15,4,22423,-80,9
85004141,,2,3618,31,-11,43,0,4,24290,157,30,4,22505,-80,-5
85014136,,2,3628,30,-12,43,0,4,24314,157,44,4,22547,-80,-6
85024140,,2,3633,29,-13,43,0,4,24372,157,57,4,22553,-80,-28
85034139,,2,3636,29,-13,43,0,4,24446,157,54,4,22533,-80,-27
85044138,,2,3651,27,-15,42,0,4,24529,162,82,4,22490,-59,-48
85054135,,2,3661,26,-16,42,0,4,24620,162,96,4,22426,-59,-58
85064140,,2,3670,25,-17,42,0,4,24724,162,100,4,22341,-59,-69
85074138,,2,3666,25,-16,42,0,4,24836,162,100,4,22238,-59,-66
85084139,,2,3672,25,-17,42,0,4,24953,162,100,4,22123,-59,-63
85094136,,2,3670,25,-17,42,0,4,25072,162,98,4,22002,-59,-59
85104140,,2,3673,24,-17,41,0,4,25192,162,100,4,21877,-59,-69
85114140,,2,3674,24,-17,41,0,4,25312,162,100,4,21749,-59,-65
85124138,,2,3671,24,-17,41,0,4,25433,162,100,4,21619,-59,-61
85134136,,2,3668,24,-16,41,0,4,25553,162,100,4,21487,-72,-59
85144137,,2,3664,24,-16,41,0,4,25674,136,97,4,21356,-72,-55
85154137,,2,3656,25,-15,41,0,4,25793,136,77,4,21223,-72,-51
85164138,,2,3651,25,-15,40,0,4,25909,136,73,4,21091,-72,-34
85174141,,2,3642,26,-14,40,0,4,26020,136,54,4,20959,-72,-17
85184143,,2,3638,26,-13,40,0,4,26125,136,50,4,20829,-72,-14
85194139,,2,3630,27,-13,40,0,4,26224,136,32,4,20704,-72,3
85204140,,2,3629,27,-12,40,0,4,26314,136,29,4,20632,-72,5
85214142,,2,3629,27,-12,40,0,4,26393,136,27,4,20610,-72,6
85224136,,2,3633,26,-13,40,0,4,26463,136,40,4,20605,-87,-10
85234141,,2,3625,27,-12,40,0,4,26529,136,22,4,20601,-87,4
85244138,,2,3622,27,-12,39,0,4,26594,136,21,4,20598,-87,4
85254138,,2,3625,27,-12,39,0,4,26650,136,19,4,20601,-87,4
85264137,,2,3626,27,-12,39,0,4,26697,136,17,4,20607,-87,4
85274135,,2,3630,26,-13,39,0,4,26736,136,32,4,20616,-87,-10
85284140,,2,3624,27,-12,39,0,4,26775,136,15,4,20618,-87,3
85294136,,2,3626,26,-12,39,0,4,26812,136,30,4,20616,-87,3
85304141,,2,3622,26,-12,39,0,4,26848,136,29,4,20617,-87,-10
85314136,,2,3618,27,-11,39,0,4,26889,136,12,4,20614,-68,7
85324138,,2,3606,28,-10,38,0,4,26925,160,-4,4,20609,-68,19
85334140,,2,3606,28,-10,38,0,4,26937,160,-4,4,20620,-68,19
85344138,,2,3587,30,-8,38,0,4,26929,160,-34,4,20651,-68,43
85354142,,2,3582,30,-8,38,0,4,26899,160,-33,4,20697,-68,41
85364137,,2,3574,31,-7,38,0,4,26846,160,-46,4,20758,-68,51
85374137,,2,3579,30,-7,38,0,4,26779,160,-29,4,20830,-68,37
85384138,,2,3585,29,-8,38,0,4,26701,160,-12,4,20909,-68,23
85394137,,2,3598,28,-9,38,0,4,26624,160,4,4,20985,-68,21
85404140,,2,3604,27,-10,38,0,4,26583,160,21,4,21055,-66,-6
85414141,,2,3612,26,-11,38,0,4,26583,153,37,4,21090,-66,-19
85424136,,2,3628,25,-12,37,0,4,26618,153,52,4,21086,-66,-33
85434137,,2,3631,24,-13,37,0,4,26679,153,50,4,21051,-66,-31
85444137,,2,3638,23,-13,37,0,4,26752,153,82,4,20996,-66,-58
85454139,,2,3636,23,-13,37,0,4,26837,153,79,4,20922,-66,-55
85464137,,2,3633,24,-13,37,0,4,26934,153,59,4,20829,-66,-38
85474138,,2,3625,24,-12,37,0,4,27034,153,56,4,20726,-66,-35
85484135,,2,3618,25,-11,37,0,4,27130,153,37,4,20620,-66,-18
85494139,,2,3615,25,-11,37,0,4,27220,153,34,4,20514,-89,-20
85504140,,2,3609,26,-10,36,0,4,27298,139,15,4,20409,-89,-4
85514138,,2,3610,25,-11,36,0,4,27364,139,13,4,20309,-89,-1
85524137,,2,3614,25,-11,36,0,4,27412,139,28,4,20215,-89,-11
85534142,,2,3616,25,-11,36,0,4,27454,139,27,4,20128,-89,-9
85544137,,2,3624,24,-12,36,0,4,27498,139,42,4,20046,-89,-20
85554138,,2,3628,23,-12,36,0,4,27552,139,58,4,19965,-89,-18
85564138,,2,3636,22,-13,36,0,4,27621,139,73,4,19885,-89,-44
85574136,,2,3642,21,-14,36,0,4,27708,139,89,4,19799,-89,-56
85584138,,2,3639,21,-14,35,0,4,27807,139,86,4,19700,-103,-56
85594135,,2,3633,22,-13,35,0,4,27915,139,65,4,19590,-103,-37
85604141,,2,3628,22,-12,35,0,4,28024,136,61,4,19473,-103,-35
85614139,,2,3610,24,-11,35,0,4,28128,136,23,4,19355,-103,-2
85624139,,2,3602,25,-10,35,0,4,28220,136,4,4,19239,-103,15
85634136,,2,3593,26,-9,35,0,4,28288,136,-13,4,19175,-103,30
85644137,,2,3585,26,-8,35,0,4,28307,136,-14,4,19174,-103,30
85654140,,2,3587,26,-8,35,0,4,28291,136,-14,4,19211,-103,29
85664140,,2,3588,26,-8,35,0,4,28263,136,-13,4,19265,-103,27
85674140,,2,3596,25,-9,35,0,4,28228,136,4,4,19328,-87,14
85684135,,2,3608,24,-10,34,0,4,28209,136,21,4,19389,-87,-1
85694137,,2,3614,23,-11,34,0,4,28221,151,38,4,19423,-87,-16
85704140,,2,3617,23,-11,34,0,4,28265,151,36,4,19422,-87,-16
85714137,,2,3616,22,-11,34,0,4,28323,151,52,4,19401,-87,-30
85724137,,2,3610,23,-11,34,0,4,28390,151,33,4,19362,-87,-15
85734136,,2,3602,24,-10,34,0,4,28464,151,13,4,19311,-87,1
85744138,,2,3599,24,-9,34,0,4,28528,151,11,4,19278,-87,2
85754135,,2,3600,24,-10,34,0,4,28575,151,10,4,19266,-87,2
85764137,,2,3597,24,-9,34,0,4,28607,151,9,4,19262,-71,6
85774141,,2,3598,24,-9,33,0,4,28623,151,9,4,19265,-71,5
85784138,,2,3597,24,-9,33,0,4,28627,149,8,4,19273,-71,5
85794139,,2,3601,23,-10,33,0,4,28627,149,26,4,19284,-71,-10
85804137,,2,3604,23,-10,33,0,4,28636,149,25,4,19289,-71,-10
85814139,,2,3605,23,-10,33,0,4,28657,149,25,4,19281,-71,-10
85824138,,2,3613,22,-11,33,0,4,28685,149,41,4,19265,-71,-23
85834138,,2,3619,21,-11,33,0,4,28722,149,58,4,19238,-71,-38
85844135,,2,3627,20,-12,33,0,4,28778,149,75,4,19195,-71,-52
85854140,,2,3630,20,-13,33,0,4,28854,149,73,4,19128,-80,-52
85864138,,2,3644,18,-14,32,0,4,28945,149,100,4,19041,-80,-82
85874134,,2,3646,18,-14,32,0,4,29048,135,100,4,18938,-80,-79
85884139,,2,3640,18,-14,32,0,4,29161,135,100,4,18819,-80,-76
85894139,,2,3631,19,-13,32,0,4,29277,135,80,4,18693,-80,-55
85904138,,2,3605,21,-10,32,0,4,29393,135,38,4,18563,-80,-20
85914140,,2,3593,23,-9,32,0,4,29497,135,0,4,18436,-80,14
85924142,,2,3577,24,-7,32,0,4,29577,135,-19,4,18365,-80,30
85934140,,2,3560,26,-6,32,0,4,29599,135,-53,4,18361,-80,57
85944142,,2,3554,26,-5,32,0,4,29567,135,-52,4,18401,-91,54
85954138,,2,3541,27,-4,32,0,4,29499,135,-50,4,18471,-91,52
85964135,,2,3528,29,-2,32,0,4,29417,135,-94,4,18555,-91,77
85974143,,2,3528,29,-2,32,0,4,29317,136,-91,4,18651,-91,77
85984141,,2,3528,29,-2,32,0,4,29200,136,-87,4,18758,-91,77
85994139,,2,3526,29,-2,31,0,4,29074,136,-83,4,18871,-91,76
86004141,,2,3524,29,-2,31,0,4,28944,136,-80,4,18987,-91,74
86014137,,2,3522,29,-2,31,0,4,28812,136,-76,4,19105,-91,70
86024140,,2,3520,29,-2,31,0,4,28678,136,-72,4,19223,-91,67
86034139,,2,3516,30,-1,31,0,4,28544,136,-82,4,19341,-83,77
86044139,,2,3521,29,-2,31,0,4,28410,136,-64,4,19461,-83,62
86054140,,2,3533,28,-3,31,0,4,28277,136,-44,4,19581,-83,46
86064141,,2,3545,27,-4,31,0,4,28146,153,-25,4,19697,-83,29
86074141,,2,3557,26,-5,31,0,4,28020,153,-5,4,19807,-83,13
86084137,,2,3563,25,-6,31,0,4,27903,153,13,4,19905,-83,10
86094134,,2,3570,24,-7,31,0,4,27842,153,32,4,19987,-83,-19
86104138,,2,3575,24,-7,31,0,4,27845,153,32,4,20024,-83,-20
86114139,,2,3568,24,-6,31,0,4,27884,153,31,4,20012,-83,-20
86124140,,2,3562,25,-6,31,0,4,27936,153,12,4,19981,-87,-6
86134135,,2,3561,25,-6,31,0,4,27981,153,11,4,19944,-87,-5
86144137,,2,3563,24,-6,31,0,4,28012,153,27,4,19913,-87,-18
86154135,,2,3572,24,-7,31,0,4,28039,135,26,4,19880,-87,-17
86164138,,2,3574,23,-7,31,0,4,28071,135,25,4,19842,-87,-16
86174135,,2,3578,23,-7,31,0,4,28104,135,41,4,19799,-87,-29
86184136,,2,3578,23,-7,30,0,4,28144,135,40,4,19749,-87,-27
86194140,,2,3578,23,-7,30,0,4,28198,135,38,4,19688,-87,-25
86204141,,2,3585,22,-8,30,0,4,28258,135,54,4,19621,-87,-38
86214136,,2,3602,20,-10,30,0,4,28327,135,52,4,19544,-114,-41
86224136,,2,3602,20,-10,30,0,4,28408,135,87,4,19456,-114,-70
86234135,,2,3613,19,-11,30,0,4,28499,135,100,4,19356,-114,-83
86244139,,2,3626,17,-12,30,0,4,28607,108,100,4,19241,-114,-80
86254138,,2,3638,16,-13,30,0,4,28724,108,100,4,19117,-114,-129
86264141,,2,3646,15,-14,30,0,4,28844,108,100,4,18986,-114,-132
86274136,,2,3655,14,-15,29,0,4,28965,108,100,4,18851,-114,-132
86284141,,2,3660,13,-16,29,0,4,29086,108,100,4,18713,-114,-133
86294135,,2,3658,13,-15,29,0,4,29207,108,100,4,18574,-114,-133
86304142,,2,3660,13,-16,29,0,4,29327,108,100,4,18434,-114,-133
86314141,,2,3649,14,-14,29,0,4,29446,108,100,4,18294,-106,-132
86324141,,2,3645,14,-14,29,0,4,29565,108,100,4,18154,-106,-132
86334139,,2,3645,14,-14,29,0,4,29686,108,100,4,18014,-106,-132
86344142,,2,3638,15,-13,28,0,4,29808,126,100,4,17873,-106,-111
86354135,,2,3638,14,-13,28,0,4,29929,126,100,4,17732,-106,-126
86364139,,2,3631,15,-13,28,0,4,30050,126,100,4,17591,-106,-102
86374136,,2,3622,16,-12,28,0,4,30171,126,100,4,17449,-106,-79
86384139,,2,3614,16,-11,28,0,4,30293,126,100,4,17308,-106,-76
86394140,,2,3616,16,-11,28,0,4,30416,126,100,4,17167,-106,-72
86404140,,2,3610,17,-11,28,0,4,30539,126,82,4,17027,-85,-45
86414141,,2,3609,17,-10,28,0,4,30660,126,78,4,16888,-85,-41
86424138,,2,3615,16,-11,27,0,4,30778,126,95,4,16750,-85,-37
86434140,,2,3611,16,-11,27,0,4,30896,147,92,4,16614,-85,-51
86444139,,2,3603,17,-10,27,0,4,31016,147,67,4,16479,-85,-29
86454136,,2,3602,17,-10,27,0,4,31134,147,64,4,16345,-85,-26
86464140,,2,3594,18,-9,27,0,4,31246,147,40,4,16212,-85,-5
86474141,,2,3580,19,-8,27,0,4,31352,147,17,4,16082,-85,16
86484139,,2,3578,19,-7,27,0,4,31441,147,15,4,16011,-85,18
86494135,,2,3566,20,-6,27,0,4,31511,147,-6,4,16001,-61,40
86504140,,2,3552,22,-5,27,0,4,31541,147,-43,4,16030,-61,70
86514136,,2,3558,21,-5,27,0,4,31521,147,-24,4,16098,-61,68
86524137,,2,3549,22,-4,27,0,4,31466,163,-23,4,16193,-61,50
86534136,,2,3552,21,-5,27,0,4,31406,163,-21,4,16300,-61,47
86544143,,2,3549,22,-4,27,0,4,31341,163,-37,4,16409,-61,58
86554142,,2,3547,22,-4,26,0,4,31268,163,-35,4,16518,-61,55
86564141,,2,3537,23,-3,26,0,4,31183,163,-50,4,16628,-61,67
86574136,,2,3523,24,-2,26,0,4,31086,163,-64,4,16739,-61,77
86584142,,2,3506,26,0,26,0,4,30977,163,-94,4,16855,-47,80
86594143,,2,3499,27,0,26,0,4,30854,163,-100,4,16975,-47,80
86604142,,2,3507,26,0,26,0,4,30721,163,-86,4,17098,-47,80
86614139,,2,3524,24,-2,26,0,4,30584,153,-49,4,17224,-47,67
86624138,,2,3535,23,-3,26,0,4,30446,153,-45,4,17351,-47,63
86634141,,2,3557,21,-5,26,0,4,30311,153,11,4,17476,-47,14
86644135,,2,3570,19,-7,26,0,4,30237,153,51,4,17592,-47,-21
86654135,,2,3574,19,-7,26,0,4,30244,153,51,4,17646,-47,-22
86664139,,2,3583,18,-8,26,0,4,30302,153,68,4,17640,-47,-38
86674136,,2,3586,17,-8,26,0,4,30382,153,66,4,17602,-57,-39
86684138,,2,3595,16,-9,26,0,4,30476,153,100,4,17541,-57,-73
86694142,,2,3598,16,-9,26,0,4,30580,153,100,4,17456,-57,-70
86704136,,2,3600,16,-10,26,0,4,30696,118,98,4,17349,-57,-67
86714138,,2,3609,15,-10,26,0,4,30815,118,100,4,17231,-57,-82
86724138,,2,3606,15,-10,25,0,4,30937,118,100,4,17105,-57,-79
86734141,,2,3607,15,-10,25,0,4,31059,118,100,4,16973,-57,-75
86744137,,2,3607,15,-10,25,0,4,31181,118,100,4,16838,-57,-71
86754136,,2,3608,14,-10,25,0,4,31303,118,100,4,16702,-57,-86
86764137,,2,3600,15,-10,25,0,4,31425,118,100,4,16564,-91,-88
86774138,,2,3591,16,-9,25,0,4,31546,118,72,4,16425,-91,-45
86784139,,2,3579,17,-7,25,0,4,31666,118,48,4,16287,-91,-24
86794139,,2,3578,17,-7,25,0,4,31779,118,44,4,16151,-91,-20
86804140,,2,3578,17,-7,25,0,4,31885,96,41,4,16019,-91,-16
86814140,,2,3577,17,-7,25,0,4,31983,96,38,4,15891,-91,-12
86824141,,2,3576,17,-7,25,0,4,32074,96,36,4,15766,-91,-9
86834138,,2,3572,17,-7,25,0,4,32159,96,33,4,15646,-91,-5
86844138,,2,3560,18,-6,24,0,4,32239,96,10,4,15529,-91,16
86854142,,2,3552,19,-5,24,0,4,32305,96,-10,4,15465,-89,35
86864140,,2,3540,20,-4,24,0,4,32328,96,-30,4,15467,-89,51
86874141,,2,3520,22,-2,24,0,4,32309,96,-66,4,15513,-89,71
86884138,,2,3506,24,0,24,0,4,32248,96,-99,4,15589,-89,72
86894141,,2,3491,25,0,24,0,4,32152,131,-100,4,15686,-89,72
86904138,,2,3469,27,3,24,0,4,32033,131,-100,4,15794,-89,72
86914138,,2,3444,30,5,24,0,4,31902,131,-100,4,15910,-89,73
86924137,,2,3424,32,7,24,0,4,31765,131,-100,4,16030,-89,73
86934136,,2,3400,35,10,25,0,4,31625,131,-100,4,16152,-89,73
86944140,,2,3404,34,9,25,0,4,31482,131,-100,4,16277,-61,79
86954137,,2,3409,34,9,25,0,4,31339,131,-100,4,16402,-61,79
86964143,,2,3408,34,9,25,0,4,31195,131,-100,4,16530,-61,79
86974140,,2,3416,33,8,25,0,4,31051,131,-100,4,16659,-61,79
86984141,,2,3406,34,9,25,0,4,30906,150,-100,4,16787,-61,79
86994140,,2,3404,35,9,25,0,4,30761,150,-100,4,16917,-61,80
87004137,,2,3395,36,10,25,0,4,30617,150,-100,4,17046,-61,80
87014135,,2,3396,36,10,25,0,4,30473,150,-100,4,17175,-61,80
87024139,,2,3402,35,9,25,0,4,30328,150,-100,4,17305,-61,80
87034138,,2,3407,35,9,26,0,4,30183,150,-100,4,17435,-63,80
87044140,,2,3415,34,8,26,0,4,30040,150,-100,4,17565,-63,79
87054138,,2,3424,33,7,26,0,4,29895,150,-100,4,17695,-63,80
87064142,,2,3430,33,7,26,0,4,29751,150,-100,4,17825,-63,79
87074138,,2,3444,31,5,26,0,4,29607,117,-100,4,17954,-63,79
87084142,,2,3464,29,3,26,0,4,29463,117,-95,4,18084,-63,79
87094143,,2,3481,28,1,26,0,4,29320,117,-76,4,18213,-63,79
87104139,,2,3491,27,0,26,0,4,29178,117,-56,4,18341,-63,71
87114141,,2,3513,25,-1,26,0,4,29039,117,-20,4,18469,-63,41
87124141,,2,3537,22,-3,26,0,4,28905,117,35,4,18594,-93,-11
87134136,,2,3571,19,-7,26,0,4,28835,117,93,4,18659,-93,-60
87144136,,2,3580,18,-8,26,0,4,28869,117,92,4,18642,-93,-60
87154136,,2,3604,15,-10,26,0,4,28959,117,100,4,18574,-93,-74
87164137,,2,3626,13,-12,25,0,4,29069,117,100,4,18480,-93,-127
87174142,,2,3644,11,-14,25,0,4,29189,77,100,4,18364,-93,-131
87184142,,2,3670,8,-17,25,0,4,29314,77,100,4,18235,-93,-131
87194138,,2,3684,7,-18,25,0,4,29441,77,100,4,18100,-93,-131
87204141,,2,3704,4,-20,25,0,4,29568,77,100,4,17961,-93,-132
87214134,,2,3712,3,-21,25,0,4,29696,77,100,4,17821,-99,-134
87224141,,2,3723,2,-22,24,0,4,29825,77,100,4,17679,-99,-134
87234140,,2,3721,2,-22,24,0,4,29953,77,100,4,17537,-99,-134
87244138,,2,3725,1,-22,24,0,4,30080,77,100,4,17394,-99,-134
87254141,,2,3716,2,-21,24,0,4,30207,77,100,4,17251,-99,-135
87264141,,2,3708,3,-20,23,0,4,30334,80,100,4,17108,-99,-135
87274140,,2,3704,3,-20,23,0,4,30460,80,100,4,16964,-99,-135
87284137,,2,3679,4,-18,23,0,4,30586,80,100,4,16820,-99,-135
87294137,,2,3667,6,-16,23,0,4,30711,80,100,4,16677,-99,-135
87304137,,2,3648,8,-14,23,0,4,30836,80,100,4,16532,-90,-133
87314141,,2,3629,10,-12,23,0,4,30960,80,100,4,16388,-90,-133
87324142,,2,3621,10,-12,23,0,4,31083,80,100,4,16244,-90,-133
87334137,,2,3593,13,-9,22,0,4,31206,80,100,4,16099,-90,-97
87344139,,2,3576,15,-7,22,0,4,31330,80,100,4,15955,-90,-53
87354141,,2,3571,15,-7,22,0,4,31453,107,96,4,15811,-90,-49
87364135,,2,3554,17,-5,22,0,4,31576,107,51,4,15670,-90,-9
87374140,,2,3544,18,-4,22,0,4,31694,107,27,4,15530,-90,13
87384136,,2,3538,18,-3,22,0,4,31797,107,24,4,15450,-90,15
87394139,,2,3530,19,-3,22,0,4,31881,107,1,4,15436,-63,39
87404138,,2,3516,20,-1,22,0,4,31942,107,-19,4,15463,-63,54
87414139,,2,3510,21,-1,22,0,4,31956,107,-38,4,15528,-63,68
87424135,,2,3501,22,0,22,0,4,31924,107,-55,4,15617,-63,74
87434142,,2,3491,23,0,22,0,4,31857,107,-70,4,15722,-63,74
87444136,,2,3483,24,1,22,0,4,31766,140,-85,4,15835,-63,75
87454143,,2,3466,26,3,22,0,4,31655,140,-100,4,15952,-63,75
87464139,,2,3450,27,5,22,0,4,31530,140,-100,4,16072,-63,75
87474138,,2,3449,27,5,22,0,4,31395,140,-100,4,16195,-63,75
87484140,,2,3440,28,6,22,0,4,31255,140,-100,4,16320,-41,80
87494138,,2,3430,29,7,22,0,4,31113,140,-100,4,16446,-41,80
87504140,,2,3422,30,7,22,0,4,30969,140,-100,4,16574,-41,81
87514139,,2,3426,30,7,23,0,4,30825,140,-100,4,16703,-41,81
87524137,,2,3436,29,6,23,0,4,30681,140,-100,4,16834,-41,81
87534139,,2,3444,28,5,23,0,4,30536,150,-100,4,16965,-41,81
87544139,,2,3458,27,4,23,0,4,30391,150,-92,4,17097,-41,80
87554140,,2,3470,26,3,23,0,4,30246,150,-72,4,17228,-41,80
87564139,,2,3483,24,1,23,0,4,30103,150,-35,4,17360,-41,63
87574135,,2,3484,24,1,23,0,4,29963,150,-31,4,17491,-54,57
87584136,,2,3504,22,0,23,0,4,29826,150,7,4,17619,-54,23
87594140,,2,3518,21,-1,23,0,4,29750,150,28,4,17741,-54,4
87604134,,2,3533,19,-3,23,0,4,29745,150,66,4,17848,-54,-30
87614139,,2,3557,17,-5,23,0,4,29793,150,100,4,17896,-54,-65
87624136,,2,3574,15,-7,23,0,4,29877,150,100,4,17868,-54,-65
87634136,,2,3594,13,-9,22,0,4,29985,111,100,4,17791,-54,-100
87644140,,2,3609,11,-10,22,0,4,30103,111,100,4,17687,-54,-124
87654137,,2,3626,10,-12,22,0,4,30225,111,100,4,17562,-54,-124
87664136,,2,3656,6,-15,22,0,4,30350,111,100,4,17429,-54,-125
87674140,,2,3676,4,-17,22,0,4,30478,111,100,4,17291,-90,-132
87684135,,2,3692,3,-19,22,0,4,30606,111,100,4,17151,-90,-133
87694140,,2,3700,2,-20,22,0,4,30734,111,100,4,17009,-90,62
87704139,,2,3704,1,-20,21,0,4,30860,111,100,4,16924,-90,-133
87714138,,2,3709,0,-20,21,0,4,30981,111,100,4,16857,-90,-134
87724137,,2,3700,1,-20,21,0,4,31098,76,100,4,16743,-90,-134
87734138,,2,3694,1,-19,21,0,4,31216,76,100,4,16613,-90,-134
87744136,,2,3677,3,-17,21,0,4,31336,76,100,4,16476,-90,-134
87754136,,2,3667,4,-16,20,0,4,31457,76,100,4,16335,-90,-134
87764142,,2,3654,5,-15,20,0,4,31579,76,100,4,16197,-90,-134
87774137,,2,3633,7,-13,20,0,4,31701,76,100,4,16054,-90,-134
87784140,,2,3622,8,-12,20,0,4,31822,76,100,4,15910,-90,-133
87794136,,2,3609,9,-10,20,0,4,31944,76,100,4,15766,-90,-133
87804137,,2,3595,10,-9,20,0,4,32067,76,100,4,15622,-90,-133
87814137,,2,3586,11,-8,20,0,4,32189,102,100,4,15478,-90,-122
87824138,,2,3567,13,-6,20,0,4,32312,102,100,4,15334,-90,-75
87834140,,2,3559,14,-5,20,0,4,32435,102,89,4,15191,-90,-51
87844138,,2,3550,14,-5,19,0,4,32557,102,85,4,15048,-90,-46
87854143,,2,3541,15,-4,19,0,4,32677,102,60,4,14907,-72,-20
87864140,,2,3533,16,-3,19,0,4,32792,102,35,4,14769,-72,3
87874138,,2,3530,16,-3,19,0,4,32896,102,32,4,14689,-72,6
87884139,,2,3522,17,-2,19,0,4,32987,102,8,4,14665,-72,25
87894135,,2,3516,18,-1,19,0,4,33061,102,-13,4,14672,-72,42
87904138,,2,3507,19,0,19,0,4,33087,142,-34,4,14714,-72,57
87914140,,2,3503,19,0,19,0,4,33062,142,-33,4,14784,-72,55
87924140,,2,3499,19,0,19,0,4,33007,142,-31,4,14872,-72,53
87934137,,2,3493,20,0,19,0,4,32941,142,-29,4,14970,-72,50
87944138,,2,3492,20,0,19,0,4,32867,142,-46,4,15073,-50,68
87954142,,2,3489,20,1,19,0,4,32783,142,-44,4,15181,-50,64
87964139,,2,3483,21,1,19,0,4,32686,142,-59,4,15293,-50,76
87974139,,2,3472,22,2,19,0,4,32579,142,-74,4,15410,-50,76
87984137,,2,3466,23,3,19,0,4,32460,142,-88,4,15529,-50,76
87994140,,2,3460,23,4,19,0,4,32331,142,-85,4,15651,-50,77
88004137,,2,3457,24,4,20,0,4,32197,157,-98,4,15775,-50,77
88014141,,2,3450,25,5,20,0,4,32059,157,-100,4,15900,-50,77
88024138,,2,3453,24,4,20,0,4,31918,157,-89,4,16027,-50,77
88034140,,2,3458,24,4,20,0,4,31776,157,-85,4,16155,-45,78
88044140,,2,3468,23,3,20,0,4,31634,157,-64,4,16284,-45,78
88054140,,2,3474,22,2,20,0,4,31493,157,-42,4,16413,-45,60
88064136,,2,3491,21,0,20,0,4,31355,157,-20,4,16541,-45,41
88074137,,2,3502,20,0,20,0,4,31221,157,2,4,16666,-45,22
88084140,,2,3518,18,-1,20,0,4,31146,157,43,4,16782,-45,-16
88094139,,2,3533,16,-3,20,0,4,31148,132,84,4,16841,-45,-52
88104135,,2,3537,16,-3,20,0,4,31207,132,82,4,16824,-45,-51
88114143,,2,3547,15,-4,20,0,4,31300,132,100,4,16761,-45,-68
88124139,,2,3576,12,-7,20,0,4,31408,132,100,4,16673,-78,-130
88134137,,2,3591,10,-9,19,0,4,31526,132,100,4,16562,-78,-130
88144139,,2,3621,7,-12,19,0,4,31649,132,100,4,16435,-78,-131
88154137,,2,3644,5,-14,19,0,4,31776,132,100,4,16300,-78,-131
88164140,,2,3651,4,-15,19,0,4,31904,132,100,4,16161,-78,-131
88174137,,2,3659,3,-15,19,0,4,32032,132,100,4,16020,-78,-131
88184141,,2,3662,2,-16,19,0,4,32161,86,100,4,15878,-78,-132
88194135,,2,3636,5,-13,19,0,4,32287,86,100,4,15736,-78,-131
88204141,,2,3600,8,-10,18,0,4,32414,86,100,4,15593,-78,-131
88214138,,2,3567,12,-6,18,0,4,32539,86,100,4,15450,-99,-135
88224140,,2,3508,18,0,18,0,4,32663,86,-1,4,15307,-99,19
88234135,,2,3466,22,3,18,0,4,32731,86,-79,4,15222,-99,68
88244135,,2,3417,27,8,18,0,4,32716,86,-100,4,15225,-99,68
88254140,,2,3376,31,12,19,0,4,32633,86,-100,4,15290,-99,69
88264134,,2,3311,38,18,19,0,4,32521,86,-100,4,15383,-99,71
88274139,,2,3267,42,23,19,0,4,32395,94,-100,4,15492,-99,71
88284137,,2,3230,46,27,19,0,4,32261,94,-100,4,15609,-99,72
88294139,,2,3181,52,31,20,0,4,32123,94,-100,4,15731,-99,73
88304136,,2,3147,55,35,20,0,4,31982,94,-100,4,15854,-83,77
88314140,,2,3103,60,39,20,0,4,31839,94,-100,4,15979,-83,78
88324138,,2,3059,65,44,21,0,4,31695,94,-100,4,16104,-83,79
88334140,,2,3023,69,47,21,0,4,31551,94,-100,4,16231,-83,80
88344136,,1,2972,69,47,21,0,4,31406,94,-100,4,16359,-83,62
88354134,,1,2928,69,47,21,0,4,31262,94,-100,4,16487,-83,62
88364137,,1,2882,69,47,21,0,4,31117,94,-100,4,16612,-83,62
88374137,,1,2835,69,47,21,0,4,30971,126,-100,4,16735,-83,62
88384140,,1,2810,69,47,21,0,4,30826,126,-100,4,16856,-83,62
88394136,,1,2756,69,47,21,0,4,30681,126,-100,4,16975,-67,64
88404139,,1,2688,69,47,21,0,4,30535,126,-100,4,17092,-67,64
88414140,,1,2652,69,47,21,0,4,30390,126,-100,4,17206,-67,64
88424134,,1,2564,69,47,21,0,4,30245,126,-100,4,17318,-67,64
88434141,,1,2465,69,47,21,0,4,30099,126,-100,4,17429,-67,64
88444137,,1,2409,69,47,21,0,4,29953,126,-100,4,17537,-67,64
88454137,,1,2353,69,47,21,0,4,29807,126,-100,4,17642,-67,64
88464137,,1,2226,69,47,21,0,4,29662,103,-100,4,17745,-67,63
88474134,,1,2162,69,47,21,0,4,29518,103,-100,4,17846,-67,63
88484139,,1,2096,69,47,21,0,4,29375,103,-100,4,17947,-95,58
88494137,,1,2031,69,47,21,0,4,29233,103,-100,4,18047,-95,58
88504137,,1,1902,69,47,21,0,4,29091,103,-100,4,18145,-95,57
88514140,,1,1835,69,47,21,0,4,28950,103,-100,4,18242,-95,57
88524138,,1,1764,69,47,21,0,4,28810,103,-100,4,18337,-95,57
88534136,,1,1690,69,47,21,0,4,28671,103,-100,4,18430,-95,57
88544140,,1,1690,69,47,21,0,4,28533,103,-100,4,18520,-95,56
88554135,,1,1608,69,47,21,0,4,28396,64,-100,4,18606,-95,56
88564140,,1,1519,69,47,21,0,4,28259,64,-100,4,18690,-95,56
88574138,,1,1433,69,47,21,0,4,28123,64,-100,4,18770,-141,47
88584137,,1,1433,69,47,21,0,4,27986,64,-100,4,18846,-141,47
88594136,,1,1331,69,47,21,0,4,27848,64,-100,4,18916,-141,46
88604138,,1,1205,69,47,21,0,4,27710,64,-100,4,18983,-141,46
88614135,,1,1205,69,47,21,0,4,27572,64,-100,4,19048,-141,45
88624135,,1,1205,69,47,21,0,4,27434,64,-100,4,19114,-141,45
88634135,,1,1053,69,47,21,0,4,27296,64,-100,4,19181,-141,44
88644138,,1,1053,69,47,21,0,4,27159,47,-100,4,19248,-141,44
88654134,,1,1053,69,47,21,0,4,27021,47,-100,4,19313,-141,44
88664136,,1,1053,69,47,21,0,4,26886,47,-100,4,19377,-185,35
88674137,,1,1053,69,47,21,0,4,26746,47,-100,4,19429,-185,34
88684137,,1,1053,69,47,21,0,4,26603,47,-100,4,19454,-185,34
88694139,,1,1053,69,47,21,0,4,26460,47,-100,4,19459,-185,33
88704138,,1,684,69,47,21,0,4,26315,47,-100,4,19459,-185,33
88714136,,1,684,69,47,21,0,4,26170,47,-100,4,19458,-185,32
88724141,,1,684,69,47,21,0,4,26025,47,-100,4,19458,-185,32
88734139,,1,684,69,47,21,0,4,25880,28,-100,4,19457,-185,31
88744136,,1,684,69,47,21,0,4,25736,28,-100,4,19457,-185,30
88754136,,1,684,69,47,21,0,4,25592,28,-100,4,19457,-219,23
88764139,,1,684,69,47,21,0,4,25448,28,-100,4,19457,-219,23
88774138,,1,684,69,47,21,0,4,25305,28,-100,4,19457,-219,22
88784135,,1,684,69,47,21,0,4,25162,28,-100,4,19457,-219,21
88794139,,1,465,69,47,21,0,4,25018,28,-100,4,19457,-219,21
88804139,,1,465,69,47,21,0,4,24875,28,-100,4,19457,-219,20
88814136,,1,465,69,47,21,0,4,24733,28,-100,4,19457,-219,19
88824137,,1,465,69,47,21,0,4,24591,28,-100,4,19457,-219,19
88834137,,1,465,69,47,21,0,4,24448,10,-100,4,19457,-219,18
88844136,,1,465,69,47,21,0,4,24304,10,-100,4,19457,-233,14
88854137,,1,465,69,47,21,0,4,24160,10,-100,4,19457,-233,14
88864135,,1,465,69,47,21,0,4,24017,10,-100,4,19457,-233,13
88874139,,1,465,69,47,21,0,4,23872,10,-100,4,19457,-233,12
88884136,,1,465,69,47,21,0,4,23728,10,-100,4,19457,-233,11
88894139,,1,465,69,47,21,0,4,23584,10,-100,4,19457,-233,11
88904137,,1,465,69,47,21,0,4,23439,10,-100,4,19457,-233,10
88914138,,1,325,69,47,21,0,4,23295,10,-100,4,19457,-233,9
88924138,,1,325,69,47,21,0,4,23150,9,-100,4,19456,-233,8
88934138,,1,325,69,47,21,0,4,23005,9,-100,4,19456,-225,9
88944136,,1,325,69,47,21,0,4,22860,9,-100,4,19456,-225,8
88954135,,1,325,69,47,21,0,4,22715,9,-100,4,19456,-225,8
88964134,,1,325,69,47,21,0,4,22569,9,-100,4,19456,-225,7
88974135,,1,325,69,47,21,0,4,22424,9,-100,4,19456,-225,6
88984141,,1,325,69,47,21,0,4,22278,9,-100,4,19456,-225,6
88994140,,1,325,69,47,21,0,4,22132,9,-100,4,19456,-225,5
89004141,,1,325,69,47,21,0,4,21986,9,-100,4,19455,-225,4
89014138,,1,325,69,47,21,0,4,21841,11,-100,4,19455,-225,3
89024138,,1,325,69,47,21,0,4,21695,11,-100,4,19454,-225,3
89034136,,1,325,69,47,21,0,4,21548,11,-100,4,19454,-215,4
89044134,,1,325,69,47,21,0,4,21403,11,-100,4,19454,-215,3
89054140,,1,325,69,47,21,0,4,21256,11,-100,4,19454,-215,2
89064141,,1,325,69,47,21,0,4,21110,11,-100,4,19453,-215,2
89074141,,1,325,69,47,21,0,4,20963,11,-100,4,19453,-215,1
89084140,,1,325,69,47,21,0,4,20817,11,-100,4,19453,-215,0
89094133,,1,325,69,47,21,0,4,20671,11,-100,4,19452,-215,0
89104140,,1,325,69,47,21,0,4,20524,4,-100,4,19451,-215,0
89114136,,1,325,69,47,21,0,4,20378,4,-100,4,19449,-215,0
89124138,,1,325,69,47,21,0,4,20231,4,-100,4,19449,-213,0
89134137,,1,325,69,47,21,0,4,20085,4,-100,4,19448,-213,0
89144138,,1,325,69,47,21,0,4,19938,4,-100,4,19448,-213,0
89154138,,1,325,69,47,21,0,4,19792,4,-100,4,19448,-213,0
89164140,,1,325,69,47,21,0,4,19645,4,-100,4,19448,-213,0
89174139,,1,325,69,47,21,0,4,19498,4,-100,4,19448,-213,0
89184139,,1,325,69,47,21,0,4,19351,4,-100,4,19448,-213,0
89194134,,1,325,69,47,21,0,4,19204,4,-100,4,19448,-213,0
89204133,,1,325,69,47,21,0,4,19057,2,-100,4,19448,-213,0
89214136,,1,325,69,47,21,0,4,18911,2,-100,4,19448,-213,0
89224136,,1,325,69,47,21,0,4,18764,2,-100,4,19448,-213,0
89234137,,1,325,69,47,21,0,4,18617,2,-100,4,19448,-213,0
89244136,,1,325,69,47,21,0,4,18471,2,-100,4,19448,-213,0
89254135,,1,325,69,47,21,0,4,18324,2,-100,4,19448,-213,0
89264135,,1,325,69,47,21,0,4,18178,2,-100,4,19448,-213,0
89274139,,1,325,69,47,21,0,4,18032,2,-100,4,19448,-213,0
89284140,,1,325,69,47,21,0,4,17885,2,-100,4,19448,-213,0
89294137,,1,325,69,47,21,0,4,17739,2,-100,4,19448,-213,0
89304133,,1,325,69,47,21,0,4,17597,2,-100,4,19448,-212,0
89314135,,1,325,69,47,21,0,4,17450,2,-100,4,19448,-212,0
89324140,,1,325,69,47,21,0,4,17304,2,-100,4,19448,-212,0
89334139,,1,325,69,47,21,0,4,17157,2,-100,4,19448,-212,0
89344134,,1,325,69,47,21,0,4,17011,2,-100,4,19448,-212,0
89354133,,1,325,69,47,21,0,4,16865,2,-100,4,19448,-212,0
89364135,,1,325,69,47,21,0,4,16718,2,-100,4,19448,-212,0
89374134,,1,325,69,47,21,0,4,16571,2,-100,4,19448,-212,0
89384139,,1,325,69,47,21,0,4,16424,2,-100,4,19448,-212,0
89394133,,1,325,69,47,21,0,4,16278,2,-100,4,19448,-212,0
89404139,,1,325,69,47,21,0,4,16131,2,-100,4,19448,-212,0
89414139,,1,325,69,47,21,0,4,15984,2,-100,4,19448,-212,0
89424140,,1,325,69,47,21,0,4,15837,2,-100,4,19448,-212,0
89434134,,1,325,69,47,21,0,4,15690,2,-100,4,19448,-212,0
89444135,,1,325,69,47,21,0,4,15543,2,-100,4,19448,-212,0
89454139,,1,325,69,47,21,0,4,15397,2,-100,4,19448,-212,0
89464133,,1,325,69,47,21,0,4,15250,2,-100,4,19448,-212,0
89474139,,1,325,69,47,21,0,4,15107,2,-100,4,19448,-212,0
89484135,,1,325,69,47,21,0,4,14960,2,-100,4,19448,-212,0
89494136,,1,325,69,47,21,0,4,14813,2,-100,4,19448,-212,0
89504138,,1,325,69,47,21,0,4,14666,2,-100,4,19448,-212,0
89514139,,1,325,69,47,21,0,4,14519,2,-100,4,19448,-212,0
89524140,,1,325,69,47,21,0,4,14372,2,-100,4,19448,-212,0
89534140,,1,325,69,47,21,0,4,14225,2,-100,4,19448,-212,0
89544138,,1,325,69,47,21,0,4,14078,2,-100,4,19448,-212,0
89554138,,1,0,69,47,21,0,4,13931,2,-100,4,19448,-212,0
89564134,,1,0,69,47,21,0,4,13784,2,-100,4,19448,-212,0
89574135,,1,0,69,47,21,0,4,13637,2,-100,4,19448,-212,0
89584136,,1,0,69,47,21,0,4,13490,2,-100,4,19448,-212,0
89594135,,1,0,69,47,21,0,4,13343,2,-100,4,19448,-212,0
89604135,,1,0,69,47,21,0,4,13196,2,-100,4,19448,-212,0
89614135,,1,0,69,47,21,0,4,13049,2,-100,4,19448,-212,0
89624136,,1,0,69,47,21,0,4,12902,2,-100,4,19448,-212,0
89634137,,1,0,69,47,21,0,4,12755,2,-100,4,19448,-212,0
89644135,,1,0,69,47,21,0,4,12608,2,-100,4,19448,-212,0
89654137,,1,0,69,47,21,0,4,12461,2,-100,4,19448,-212,0
89664137,,1,0,69,47,21,0,4,12314,2,-100,4,19448,-212,0
89674133,,1,0,69,47,21,0,4,12168,2,-100,4,19448,-212,0
89684135,,1,0,69,47,21,0,4,12021,2,-100,4,19448,-212,0
89694138,,1,0,69,47,21,0,4,11874,2,-100,4,19448,-212,0
89704132,,1,0,69,47,21,0,4,11727,2,-100,4,19448,-212,0
89714138,,1,0,69,47,21,0,4,11580,2,-100,4,19448,-212,0
89724133,,1,0,69,47,21,0,4,11433,2,-100,4,19448,-212,0
89734133,,1,0,69,47,21,0,4,11287,2,-100,4,19448,-212,0
89744136,,1,0,69,47,21,0,4,11140,2,-100,4,19448,-212,0
89754138,,1,0,69,47,21,0,4,10993,1,-100,4,19448,-212,0
89764133,,1,0,69,47,21,0,4,10847,1,-100,4,19448,-212,0
89774135,,1,0,69,47,21,0,4,10700,1,-100,4,19448,-212,0
89784135,,1,0,69,47,21,0,4,10553,1,-100,4,19448,-212,0
89794136,,1,0,69,47,21,0,4,10407,1,-100,4,19448,-212,0
89804137,,1,0,69,47,21,0,4,10260,1,-100,4,19448,-212,0
89814138,,1,0,69,47,21,0,4,10114,1,-100,4,19448,-212,0
89824134,,1,0,69,47,21,0,4,9968,1,-100,4,19448,-212,0
89834136,,1,0,69,47,21,0,4,9821,1,-100,4,19448,-212,0
89844137,,1,0,69,47,21,0,4,9675,1,-100,4,19448,-208,0
89854134,,1,0,69,47,21,0,4,9528,1,-100,4,19448,-208,0
89864136,,1,0,69,47,21,0,4,9382,1,-100,4,19448,-208,0
89874138,,1,0,69,47,21,0,4,9235,1,-96,4,19448,-208,0
89884135,,1,0,69,47,21,0,4,9089,1,-92,4,19448,-208,0
89894136,,1,0,69,47,21,0,4,8942,1,-88,4,19448,-208,0
89904138,,1,0,69,47,21,0,4,8796,1,-83,4,19448,-208,0
89914137,,1,0,69,47,21,0,4,8650,1,-79,4,19448,-208,0
89924133,,1,0,69,47,21,0,4,8504,1,-74,4,19448,-208,0
89934134,,1,0,69,47,21,0,4,8358,0,-70,4,19448,-201,0
89944135,,1,0,69,47,21,0,4,8212,0,-66,4,19448,-201,0
89954134,,1,0,69,47,21,0,4,8066,0,-61,4,19448,-201,0
89964135,,1,0,69,47,21,0,4,7921,0,-57,4,19448,-201,0
89974135,,1,0,69,47,21,0,4,7776,0,-53,4,19448,-201,0
89984134,,1,0,69,47,21,0,4,7631,0,-48,4,19448,-201,0
89994133,,1,0,69,47,21,0,4,7486,0,-44,4,19448,-201,0
90004132,,1,0,69,47,21,0,4,7342,0,-39,4,19448,-201,0
90014138,,1,0,69,47,21,0,4,7198,0,-35,4,19448,-201,0
90024133,,1,0,69,47,21,0,4,7054,0,-31,4,19448,-199,0
90034135,,1,0,69,47,21,0,4,6911,0,-27,4,19448,-199,0
90044137,,1,0,69,47,21,0,4,6769,0,-22,4,19448,-199,0
90054135,,1,0,69,47,21,0,4,6627,0,-18,4,19448,-199,0
90064136,,1,0,69,47,21,0,4,6486,0,-14,4,19448,-199,0
90074136,,1,0,69,47,21,0,4,6346,0,-10,4,19448,-199,0
90084137,,1,0,69,47,21,0,4,6206,0,-5,4,19448,-199,0
90094138,,1,0,69,47,21,0,4,6068,0,-1,4,19448,-199,0
90104133,,1,0,69,47,21,0,4,5932,0,2,4,19448,-199,0
90114134,,1,0,69,47,21,0,4,5850,0,4,4,19448,-199,0
90124136,,1,0,69,47,21,0,4,5820,0,5,4,19448,-199,0
90134136,,1,0,69,47,21,0,4,5809,0,6,4,19448,-199,0
90144133,,1,0,69,47,21,0,4,5806,0,6,4,19448,-199,0
90154132,,1,0,69,47,21,0,4,5810,0,5,4,19448,-199,0
90164137,,1,0,69,47,21,0,4,5819,0,5,4,19448,-199,0
90174134,,1,0,69,47,21,0,4,5832,0,5,4,19448,-199,0
